year,month,data,error,SElo,SEup,metric,timeseries,lat,lon,depth,order
1998,1,nan,nan,nan,nan,DO (ml/L),Monthly Dissolved Oxygen at 150 m: NH25 (44.65N -124.65W),44.65150320350783,-124.64937649652742,150.0,1.0
1998,2,nan,nan,nan,nan,DO (ml/L),Monthly Dissolved Oxygen at 150 m: NH25 (44.65N -124.65W),44.65150320350783,-124.64937649652742,150.0,1.0
1998,3,nan,nan,nan,nan,DO (ml/L),Monthly Dissolved Oxygen at 150 m: NH25 (44.65N -124.65W),44.65150320350783,-124.64937649652742,150.0,1.0
1998,4,nan,nan,nan,nan,DO (ml/L),Monthly Dissolved Oxygen at 150 m: NH25 (44.65N -124.65W),44.65150320350783,-124.64937649652742,150.0,1.0
1998,5,nan,nan,nan,nan,DO (ml/L),Monthly Dissolved Oxygen at 150 m: NH25 (44.65N -124.65W),44.65150320350783,-124.64937649652742,150.0,1.0
1998,6,nan,nan,nan,nan,DO (ml/L),Monthly Dissolved Oxygen at 150 m: NH25 (44.65N -124.65W),44.65150320350783,-124.64937649652742,150.0,1.0
1998,7,nan,nan,nan,nan,DO (ml/L),Monthly Dissolved Oxygen at 150 m: NH25 (44.65N -124.65W),44.65150320350783,-124.64937649652742,150.0,1.0
1998,8,2.36999988555908,0.0,2.36999988555908,2.36999988555908,DO (ml/L),Monthly Dissolved Oxygen at 150 m: NH25 (44.65N -124.65W),44.65150320350783,-124.64937649652742,150.0,1.0
1998,9,2.35999989509583,0.0,2.35999989509583,2.35999989509583,DO (ml/L),Monthly Dissolved Oxygen at 150 m: NH25 (44.65N -124.65W),44.65150320350783,-124.64937649652742,150.0,1.0
1998,10,nan,nan,nan,nan,DO (ml/L),Monthly Dissolved Oxygen at 150 m: NH25 (44.65N -124.65W),44.65150320350783,-124.64937649652742,150.0,1.0
1998,11,2.20000004768372,0.0,2.20000004768372,2.20000004768372,DO (ml/L),Monthly Dissolved Oxygen at 150 m: NH25 (44.65N -124.65W),44.65150320350783,-124.64937649652742,150.0,1.0
1998,12,nan,nan,nan,nan,DO (ml/L),Monthly Dissolved Oxygen at 150 m: NH25 (44.65N -124.65W),44.65150320350783,-124.64937649652742,150.0,1.0
1999,1,nan,nan,nan,nan,DO (ml/L),Monthly Dissolved Oxygen at 150 m: NH25 (44.65N -124.65W),44.65150320350783,-124.64937649652742,150.0,1.0
1999,2,2.90000009536743,0.0,2.90000009536743,2.90000009536743,DO (ml/L),Monthly Dissolved Oxygen at 150 m: NH25 (44.65N -124.65W),44.65150320350783,-124.64937649652742,150.0,1.0
1999,3,nan,nan,nan,nan,DO (ml/L),Monthly Dissolved Oxygen at 150 m: NH25 (44.65N -124.65W),44.65150320350783,-124.64937649652742,150.0,1.0
1999,4,2.60999989509583,0.0,2.60999989509583,2.60999989509583,DO (ml/L),Monthly Dissolved Oxygen at 150 m: NH25 (44.65N -124.65W),44.65150320350783,-124.64937649652742,150.0,1.0
1999,5,nan,nan,nan,nan,DO (ml/L),Monthly Dissolved Oxygen at 150 m: NH25 (44.65N -124.65W),44.65150320350783,-124.64937649652742,150.0,1.0
1999,6,nan,nan,nan,nan,DO (ml/L),Monthly Dissolved Oxygen at 150 m: NH25 (44.65N -124.65W),44.65150320350783,-124.64937649652742,150.0,1.0
1999,7,2.125,0.025000095367429864,2.09999990463257,2.15000009536743,DO (ml/L),Monthly Dissolved Oxygen at 150 m: NH25 (44.65N -124.65W),44.65150320350783,-124.64937649652742,150.0,1.0
1999,8,nan,nan,nan,nan,DO (ml/L),Monthly Dissolved Oxygen at 150 m: NH25 (44.65N -124.65W),44.65150320350783,-124.64937649652742,150.0,1.0
1999,9,2.61999988555908,0.0,2.61999988555908,2.61999988555908,DO (ml/L),Monthly Dissolved Oxygen at 150 m: NH25 (44.65N -124.65W),44.65150320350783,-124.64937649652742,150.0,1.0
1999,10,nan,nan,nan,nan,DO (ml/L),Monthly Dissolved Oxygen at 150 m: NH25 (44.65N -124.65W),44.65150320350783,-124.64937649652742,150.0,1.0
1999,11,2.45000004768372,0.0,2.45000004768372,2.45000004768372,DO (ml/L),Monthly Dissolved Oxygen at 150 m: NH25 (44.65N -124.65W),44.65150320350783,-124.64937649652742,150.0,1.0
1999,12,nan,nan,nan,nan,DO (ml/L),Monthly Dissolved Oxygen at 150 m: NH25 (44.65N -124.65W),44.65150320350783,-124.64937649652742,150.0,1.0
2000,1,nan,nan,nan,nan,DO (ml/L),Monthly Dissolved Oxygen at 150 m: NH25 (44.65N -124.65W),44.65150320350783,-124.64937649652742,150.0,1.0
2000,2,2.82999992370605,0.0,2.82999992370605,2.82999992370605,DO (ml/L),Monthly Dissolved Oxygen at 150 m: NH25 (44.65N -124.65W),44.65150320350783,-124.64937649652742,150.0,1.0
2000,3,nan,nan,nan,nan,DO (ml/L),Monthly Dissolved Oxygen at 150 m: NH25 (44.65N -124.65W),44.65150320350783,-124.64937649652742,150.0,1.0
2000,4,2.26999998092651,0.0,2.26999998092651,2.26999998092651,DO (ml/L),Monthly Dissolved Oxygen at 150 m: NH25 (44.65N -124.65W),44.65150320350783,-124.64937649652742,150.0,1.0
2000,5,nan,nan,nan,nan,DO (ml/L),Monthly Dissolved Oxygen at 150 m: NH25 (44.65N -124.65W),44.65150320350783,-124.64937649652742,150.0,1.0
2000,6,nan,nan,nan,nan,DO (ml/L),Monthly Dissolved Oxygen at 150 m: NH25 (44.65N -124.65W),44.65150320350783,-124.64937649652742,150.0,1.0
2000,7,1.85000002384186,0.0,1.85000002384186,1.85000002384186,DO (ml/L),Monthly Dissolved Oxygen at 150 m: NH25 (44.65N -124.65W),44.65150320350783,-124.64937649652742,150.0,1.0
2000,8,nan,nan,nan,nan,DO (ml/L),Monthly Dissolved Oxygen at 150 m: NH25 (44.65N -124.65W),44.65150320350783,-124.64937649652742,150.0,1.0
2000,9,1.88999998569489,0.0,1.88999998569489,1.88999998569489,DO (ml/L),Monthly Dissolved Oxygen at 150 m: NH25 (44.65N -124.65W),44.65150320350783,-124.64937649652742,150.0,1.0
2000,10,nan,nan,nan,nan,DO (ml/L),Monthly Dissolved Oxygen at 150 m: NH25 (44.65N -124.65W),44.65150320350783,-124.64937649652742,150.0,1.0
2000,11,nan,nan,nan,nan,DO (ml/L),Monthly Dissolved Oxygen at 150 m: NH25 (44.65N -124.65W),44.65150320350783,-124.64937649652742,150.0,1.0
2000,12,nan,nan,nan,nan,DO (ml/L),Monthly Dissolved Oxygen at 150 m: NH25 (44.65N -124.65W),44.65150320350783,-124.64937649652742,150.0,1.0
2001,1,3.19000005722046,0.0,3.19000005722046,3.19000005722046,DO (ml/L),Monthly Dissolved Oxygen at 150 m: NH25 (44.65N -124.65W),44.65150320350783,-124.64937649652742,150.0,1.0
2001,2,nan,nan,nan,nan,DO (ml/L),Monthly Dissolved Oxygen at 150 m: NH25 (44.65N -124.65W),44.65150320350783,-124.64937649652742,150.0,1.0
2001,3,3.14000010490417,0.0,3.14000010490417,3.14000010490417,DO (ml/L),Monthly Dissolved Oxygen at 150 m: NH25 (44.65N -124.65W),44.65150320350783,-124.64937649652742,150.0,1.0
2001,4,nan,nan,nan,nan,DO (ml/L),Monthly Dissolved Oxygen at 150 m: NH25 (44.65N -124.65W),44.65150320350783,-124.64937649652742,150.0,1.0
2001,5,nan,nan,nan,nan,DO (ml/L),Monthly Dissolved Oxygen at 150 m: NH25 (44.65N -124.65W),44.65150320350783,-124.64937649652742,150.0,1.0
2001,6,nan,nan,nan,nan,DO (ml/L),Monthly Dissolved Oxygen at 150 m: NH25 (44.65N -124.65W),44.65150320350783,-124.64937649652742,150.0,1.0
2001,7,2.29999995231628,0.0,2.29999995231628,2.29999995231628,DO (ml/L),Monthly Dissolved Oxygen at 150 m: NH25 (44.65N -124.65W),44.65150320350783,-124.64937649652742,150.0,1.0
2001,8,nan,nan,nan,nan,DO (ml/L),Monthly Dissolved Oxygen at 150 m: NH25 (44.65N -124.65W),44.65150320350783,-124.64937649652742,150.0,1.0
2001,9,2.09999990463257,0.0,2.09999990463257,2.09999990463257,DO (ml/L),Monthly Dissolved Oxygen at 150 m: NH25 (44.65N -124.65W),44.65150320350783,-124.64937649652742,150.0,1.0
2001,10,nan,nan,nan,nan,DO (ml/L),Monthly Dissolved Oxygen at 150 m: NH25 (44.65N -124.65W),44.65150320350783,-124.64937649652742,150.0,1.0
2001,11,3.17000007629395,0.0,3.17000007629395,3.17000007629395,DO (ml/L),Monthly Dissolved Oxygen at 150 m: NH25 (44.65N -124.65W),44.65150320350783,-124.64937649652742,150.0,1.0
2001,12,nan,nan,nan,nan,DO (ml/L),Monthly Dissolved Oxygen at 150 m: NH25 (44.65N -124.65W),44.65150320350783,-124.64937649652742,150.0,1.0
2002,1,nan,nan,nan,nan,DO (ml/L),Monthly Dissolved Oxygen at 150 m: NH25 (44.65N -124.65W),44.65150320350783,-124.64937649652742,150.0,1.0
2002,2,2.36999988555908,0.0,2.36999988555908,2.36999988555908,DO (ml/L),Monthly Dissolved Oxygen at 150 m: NH25 (44.65N -124.65W),44.65150320350783,-124.64937649652742,150.0,1.0
2002,3,nan,nan,nan,nan,DO (ml/L),Monthly Dissolved Oxygen at 150 m: NH25 (44.65N -124.65W),44.65150320350783,-124.64937649652742,150.0,1.0
2002,4,2.21000003814697,0.0,2.21000003814697,2.21000003814697,DO (ml/L),Monthly Dissolved Oxygen at 150 m: NH25 (44.65N -124.65W),44.65150320350783,-124.64937649652742,150.0,1.0
2002,5,1.82000005245209,0.0,1.82000005245209,1.82000005245209,DO (ml/L),Monthly Dissolved Oxygen at 150 m: NH25 (44.65N -124.65W),44.65150320350783,-124.64937649652742,150.0,1.0
2002,6,1.735999989509582,0.2664281763194433,1.4695718131901385,2.0024281658290253,DO (ml/L),Monthly Dissolved Oxygen at 150 m: NH25 (44.65N -124.65W),44.65150320350783,-124.64937649652742,150.0,1.0
2002,7,1.10000002384186,0.0,1.10000002384186,1.10000002384186,DO (ml/L),Monthly Dissolved Oxygen at 150 m: NH25 (44.65N -124.65W),44.65150320350783,-124.64937649652742,150.0,1.0
2002,8,nan,nan,nan,nan,DO (ml/L),Monthly Dissolved Oxygen at 150 m: NH25 (44.65N -124.65W),44.65150320350783,-124.64937649652742,150.0,1.0
2002,9,2.14000010490417,0.0,2.14000010490417,2.14000010490417,DO (ml/L),Monthly Dissolved Oxygen at 150 m: NH25 (44.65N -124.65W),44.65150320350783,-124.64937649652742,150.0,1.0
2002,10,nan,nan,nan,nan,DO (ml/L),Monthly Dissolved Oxygen at 150 m: NH25 (44.65N -124.65W),44.65150320350783,-124.64937649652742,150.0,1.0
2002,11,nan,nan,nan,nan,DO (ml/L),Monthly Dissolved Oxygen at 150 m: NH25 (44.65N -124.65W),44.65150320350783,-124.64937649652742,150.0,1.0
2002,12,3.91000008583069,0.0,3.91000008583069,3.91000008583069,DO (ml/L),Monthly Dissolved Oxygen at 150 m: NH25 (44.65N -124.65W),44.65150320350783,-124.64937649652742,150.0,1.0
2003,1,nan,nan,nan,nan,DO (ml/L),Monthly Dissolved Oxygen at 150 m: NH25 (44.65N -124.65W),44.65150320350783,-124.64937649652742,150.0,1.0
2003,2,2.72000002861023,0.0,2.72000002861023,2.72000002861023,DO (ml/L),Monthly Dissolved Oxygen at 150 m: NH25 (44.65N -124.65W),44.65150320350783,-124.64937649652742,150.0,1.0
2003,3,nan,nan,nan,nan,DO (ml/L),Monthly Dissolved Oxygen at 150 m: NH25 (44.65N -124.65W),44.65150320350783,-124.64937649652742,150.0,1.0
2003,4,2.89000010490417,0.0,2.89000010490417,2.89000010490417,DO (ml/L),Monthly Dissolved Oxygen at 150 m: NH25 (44.65N -124.65W),44.65150320350783,-124.64937649652742,150.0,1.0
2003,5,nan,nan,nan,nan,DO (ml/L),Monthly Dissolved Oxygen at 150 m: NH25 (44.65N -124.65W),44.65150320350783,-124.64937649652742,150.0,1.0
2003,6,nan,nan,nan,nan,DO (ml/L),Monthly Dissolved Oxygen at 150 m: NH25 (44.65N -124.65W),44.65150320350783,-124.64937649652742,150.0,1.0
2003,7,2.16000008583069,0.0,2.16000008583069,2.16000008583069,DO (ml/L),Monthly Dissolved Oxygen at 150 m: NH25 (44.65N -124.65W),44.65150320350783,-124.64937649652742,150.0,1.0
2003,8,nan,nan,nan,nan,DO (ml/L),Monthly Dissolved Oxygen at 150 m: NH25 (44.65N -124.65W),44.65150320350783,-124.64937649652742,150.0,1.0
2003,9,2.27999997138977,0.0,2.27999997138977,2.27999997138977,DO (ml/L),Monthly Dissolved Oxygen at 150 m: NH25 (44.65N -124.65W),44.65150320350783,-124.64937649652742,150.0,1.0
2003,10,nan,nan,nan,nan,DO (ml/L),Monthly Dissolved Oxygen at 150 m: NH25 (44.65N -124.65W),44.65150320350783,-124.64937649652742,150.0,1.0
2003,11,nan,nan,nan,nan,DO (ml/L),Monthly Dissolved Oxygen at 150 m: NH25 (44.65N -124.65W),44.65150320350783,-124.64937649652742,150.0,1.0
2003,12,nan,nan,nan,nan,DO (ml/L),Monthly Dissolved Oxygen at 150 m: NH25 (44.65N -124.65W),44.65150320350783,-124.64937649652742,150.0,1.0
2004,1,nan,nan,nan,nan,DO (ml/L),Monthly Dissolved Oxygen at 150 m: NH25 (44.65N -124.65W),44.65150320350783,-124.64937649652742,150.0,1.0
2004,2,nan,nan,nan,nan,DO (ml/L),Monthly Dissolved Oxygen at 150 m: NH25 (44.65N -124.65W),44.65150320350783,-124.64937649652742,150.0,1.0
2004,3,nan,nan,nan,nan,DO (ml/L),Monthly Dissolved Oxygen at 150 m: NH25 (44.65N -124.65W),44.65150320350783,-124.64937649652742,150.0,1.0
2004,4,nan,nan,nan,nan,DO (ml/L),Monthly Dissolved Oxygen at 150 m: NH25 (44.65N -124.65W),44.65150320350783,-124.64937649652742,150.0,1.0
2004,5,nan,nan,nan,nan,DO (ml/L),Monthly Dissolved Oxygen at 150 m: NH25 (44.65N -124.65W),44.65150320350783,-124.64937649652742,150.0,1.0
2004,6,1.99000000953674,0.0,1.99000000953674,1.99000000953674,DO (ml/L),Monthly Dissolved Oxygen at 150 m: NH25 (44.65N -124.65W),44.65150320350783,-124.64937649652742,150.0,1.0
2004,7,2.0193951811109287,0.0,2.0193951811109287,2.0193951811109287,DO (ml/L),Monthly Dissolved Oxygen at 150 m: NH25 (44.65N -124.65W),44.65150320350783,-124.64937649652742,150.0,1.0
2004,8,2.1988198386761315,0.1511800659564384,2.047639772719693,2.34999990463257,DO (ml/L),Monthly Dissolved Oxygen at 150 m: NH25 (44.65N -124.65W),44.65150320350783,-124.64937649652742,150.0,1.0
2004,9,2.06000006198883,0.12000000476836992,1.9400000572204603,2.1800000667572,DO (ml/L),Monthly Dissolved Oxygen at 150 m: NH25 (44.65N -124.65W),44.65150320350783,-124.64937649652742,150.0,1.0
2004,10,nan,nan,nan,nan,DO (ml/L),Monthly Dissolved Oxygen at 150 m: NH25 (44.65N -124.65W),44.65150320350783,-124.64937649652742,150.0,1.0
2004,11,nan,nan,nan,nan,DO (ml/L),Monthly Dissolved Oxygen at 150 m: NH25 (44.65N -124.65W),44.65150320350783,-124.64937649652742,150.0,1.0
2004,12,nan,nan,nan,nan,DO (ml/L),Monthly Dissolved Oxygen at 150 m: NH25 (44.65N -124.65W),44.65150320350783,-124.64937649652742,150.0,1.0
2005,1,nan,nan,nan,nan,DO (ml/L),Monthly Dissolved Oxygen at 150 m: NH25 (44.65N -124.65W),44.65150320350783,-124.64937649652742,150.0,1.0
2005,2,nan,nan,nan,nan,DO (ml/L),Monthly Dissolved Oxygen at 150 m: NH25 (44.65N -124.65W),44.65150320350783,-124.64937649652742,150.0,1.0
2005,3,nan,nan,nan,nan,DO (ml/L),Monthly Dissolved Oxygen at 150 m: NH25 (44.65N -124.65W),44.65150320350783,-124.64937649652742,150.0,1.0
2005,4,nan,nan,nan,nan,DO (ml/L),Monthly Dissolved Oxygen at 150 m: NH25 (44.65N -124.65W),44.65150320350783,-124.64937649652742,150.0,1.0
2005,5,nan,nan,nan,nan,DO (ml/L),Monthly Dissolved Oxygen at 150 m: NH25 (44.65N -124.65W),44.65150320350783,-124.64937649652742,150.0,1.0
2005,6,2.13961005210876,0.0,2.13961005210876,2.13961005210876,DO (ml/L),Monthly Dissolved Oxygen at 150 m: NH25 (44.65N -124.65W),44.65150320350783,-124.64937649652742,150.0,1.0
2005,7,nan,nan,nan,nan,DO (ml/L),Monthly Dissolved Oxygen at 150 m: NH25 (44.65N -124.65W),44.65150320350783,-124.64937649652742,150.0,1.0
2005,8,nan,nan,nan,nan,DO (ml/L),Monthly Dissolved Oxygen at 150 m: NH25 (44.65N -124.65W),44.65150320350783,-124.64937649652742,150.0,1.0
2005,9,1.57986998558044,0.0,1.57986998558044,1.57986998558044,DO (ml/L),Monthly Dissolved Oxygen at 150 m: NH25 (44.65N -124.65W),44.65150320350783,-124.64937649652742,150.0,1.0
2005,10,nan,nan,nan,nan,DO (ml/L),Monthly Dissolved Oxygen at 150 m: NH25 (44.65N -124.65W),44.65150320350783,-124.64937649652742,150.0,1.0
2005,11,1.49881994724274,0.0,1.49881994724274,1.49881994724274,DO (ml/L),Monthly Dissolved Oxygen at 150 m: NH25 (44.65N -124.65W),44.65150320350783,-124.64937649652742,150.0,1.0
2005,12,1.79101002216339,0.0,1.79101002216339,1.79101002216339,DO (ml/L),Monthly Dissolved Oxygen at 150 m: NH25 (44.65N -124.65W),44.65150320350783,-124.64937649652742,150.0,1.0
2006,1,nan,nan,nan,nan,DO (ml/L),Monthly Dissolved Oxygen at 150 m: NH25 (44.65N -124.65W),44.65150320350783,-124.64937649652742,150.0,1.0
2006,2,2.14242005348206,0.0,2.14242005348206,2.14242005348206,DO (ml/L),Monthly Dissolved Oxygen at 150 m: NH25 (44.65N -124.65W),44.65150320350783,-124.64937649652742,150.0,1.0
2006,3,nan,nan,nan,nan,DO (ml/L),Monthly Dissolved Oxygen at 150 m: NH25 (44.65N -124.65W),44.65150320350783,-124.64937649652742,150.0,1.0
2006,4,2.415334939956665,0.29615497589111506,2.11917996406555,2.71148991584778,DO (ml/L),Monthly Dissolved Oxygen at 150 m: NH25 (44.65N -124.65W),44.65150320350783,-124.64937649652742,150.0,1.0
2006,5,2.41000008583069,0.0,2.41000008583069,2.41000008583069,DO (ml/L),Monthly Dissolved Oxygen at 150 m: NH25 (44.65N -124.65W),44.65150320350783,-124.64937649652742,150.0,1.0
2006,6,1.70065999031067,0.0,1.70065999031067,1.70065999031067,DO (ml/L),Monthly Dissolved Oxygen at 150 m: NH25 (44.65N -124.65W),44.65150320350783,-124.64937649652742,150.0,1.0
2006,7,1.52877998352051,0.0,1.52877998352051,1.52877998352051,DO (ml/L),Monthly Dissolved Oxygen at 150 m: NH25 (44.65N -124.65W),44.65150320350783,-124.64937649652742,150.0,1.0
2006,8,2.155865073204045,0.09696495532989502,2.05890011787415,2.25283002853394,DO (ml/L),Monthly Dissolved Oxygen at 150 m: NH25 (44.65N -124.65W),44.65150320350783,-124.64937649652742,150.0,1.0
2006,9,1.8966149687767,0.008225023746490034,1.88838994503021,1.90483999252319,DO (ml/L),Monthly Dissolved Oxygen at 150 m: NH25 (44.65N -124.65W),44.65150320350783,-124.64937649652742,150.0,1.0
2006,10,1.91042995452881,0.03880000114440996,1.8716299533843999,1.94922995567322,DO (ml/L),Monthly Dissolved Oxygen at 150 m: NH25 (44.65N -124.65W),44.65150320350783,-124.64937649652742,150.0,1.0
2006,11,nan,nan,nan,nan,DO (ml/L),Monthly Dissolved Oxygen at 150 m: NH25 (44.65N -124.65W),44.65150320350783,-124.64937649652742,150.0,1.0
2006,12,2.32964992523193,0.0,2.32964992523193,2.32964992523193,DO (ml/L),Monthly Dissolved Oxygen at 150 m: NH25 (44.65N -124.65W),44.65150320350783,-124.64937649652742,150.0,1.0
2007,1,2.63183498382568,0.03302502632141002,2.59880995750427,2.6648600101470903,DO (ml/L),Monthly Dissolved Oxygen at 150 m: NH25 (44.65N -124.65W),44.65150320350783,-124.64937649652742,150.0,1.0
2007,2,2.4595799446106,0.0,2.4595799446106,2.4595799446106,DO (ml/L),Monthly Dissolved Oxygen at 150 m: NH25 (44.65N -124.65W),44.65150320350783,-124.64937649652742,150.0,1.0
2007,3,1.9612100720405599,0.04254001379012995,1.91867005825043,2.00375008583069,DO (ml/L),Monthly Dissolved Oxygen at 150 m: NH25 (44.65N -124.65W),44.65150320350783,-124.64937649652742,150.0,1.0
2007,4,1.668015003204345,0.020205020904545012,1.6478099822998,1.68822002410889,DO (ml/L),Monthly Dissolved Oxygen at 150 m: NH25 (44.65N -124.65W),44.65150320350783,-124.64937649652742,150.0,1.0
2007,5,2.09401988983154,0.0,2.09401988983154,2.09401988983154,DO (ml/L),Monthly Dissolved Oxygen at 150 m: NH25 (44.65N -124.65W),44.65150320350783,-124.64937649652742,150.0,1.0
2007,6,1.4775550365448,0.008764982223510076,1.46879005432129,1.48632001876831,DO (ml/L),Monthly Dissolved Oxygen at 150 m: NH25 (44.65N -124.65W),44.65150320350783,-124.64937649652742,150.0,1.0
2007,7,1.68957507610321,0.31946504116057994,1.37011003494263,2.00904011726379,DO (ml/L),Monthly Dissolved Oxygen at 150 m: NH25 (44.65N -124.65W),44.65150320350783,-124.64937649652742,150.0,1.0
2007,8,1.3457633654276522,0.339668375770857,1.0060949896567952,1.6854317411985091,DO (ml/L),Monthly Dissolved Oxygen at 150 m: NH25 (44.65N -124.65W),44.65150320350783,-124.64937649652742,150.0,1.0
2007,9,1.730299949646,0.09365999698638994,1.63663995265961,1.8239599466323901,DO (ml/L),Monthly Dissolved Oxygen at 150 m: NH25 (44.65N -124.65W),44.65150320350783,-124.64937649652742,150.0,1.0
2007,10,2.3195233345031734,0.1897523273077548,2.129771007195419,2.509275661810928,DO (ml/L),Monthly Dissolved Oxygen at 150 m: NH25 (44.65N -124.65W),44.65150320350783,-124.64937649652742,150.0,1.0
2007,11,2.27312994003296,0.06477999687195002,2.20834994316101,2.33790993690491,DO (ml/L),Monthly Dissolved Oxygen at 150 m: NH25 (44.65N -124.65W),44.65150320350783,-124.64937649652742,150.0,1.0
2007,12,2.7391300201416,0.0,2.7391300201416,2.7391300201416,DO (ml/L),Monthly Dissolved Oxygen at 150 m: NH25 (44.65N -124.65W),44.65150320350783,-124.64937649652742,150.0,1.0
2008,1,nan,nan,nan,nan,DO (ml/L),Monthly Dissolved Oxygen at 150 m: NH25 (44.65N -124.65W),44.65150320350783,-124.64937649652742,150.0,1.0
2008,2,2.76603007316589,0.0,2.76603007316589,2.76603007316589,DO (ml/L),Monthly Dissolved Oxygen at 150 m: NH25 (44.65N -124.65W),44.65150320350783,-124.64937649652742,150.0,1.0
2008,3,2.43415999412537,0.0,2.43415999412537,2.43415999412537,DO (ml/L),Monthly Dissolved Oxygen at 150 m: NH25 (44.65N -124.65W),44.65150320350783,-124.64937649652742,150.0,1.0
2008,4,2.2693549394607553,0.06438505649566495,2.2049698829650906,2.33373999595642,DO (ml/L),Monthly Dissolved Oxygen at 150 m: NH25 (44.65N -124.65W),44.65150320350783,-124.64937649652742,150.0,1.0
2008,5,1.88996997475624,0.25948008395585676,1.630489890800383,2.149450058712097,DO (ml/L),Monthly Dissolved Oxygen at 150 m: NH25 (44.65N -124.65W),44.65150320350783,-124.64937649652742,150.0,1.0
2008,6,1.4901299476623548,0.165910005569455,1.3242199420929,1.6560399532318097,DO (ml/L),Monthly Dissolved Oxygen at 150 m: NH25 (44.65N -124.65W),44.65150320350783,-124.64937649652742,150.0,1.0
2008,7,1.8001166582107568,0.22000575567212538,1.5801109025386315,2.0201224138828824,DO (ml/L),Monthly Dissolved Oxygen at 150 m: NH25 (44.65N -124.65W),44.65150320350783,-124.64937649652742,150.0,1.0
2008,8,2.6299566427866634,0.34684807815486285,2.2831085646318003,2.9768047209415265,DO (ml/L),Monthly Dissolved Oxygen at 150 m: NH25 (44.65N -124.65W),44.65150320350783,-124.64937649652742,150.0,1.0
2008,9,1.973720014095305,0.11446005105972512,1.85925996303558,2.08818006515503,DO (ml/L),Monthly Dissolved Oxygen at 150 m: NH25 (44.65N -124.65W),44.65150320350783,-124.64937649652742,150.0,1.0
2008,10,2.2351199785868303,0.1382142150163402,2.09690576357049,2.3733341936031707,DO (ml/L),Monthly Dissolved Oxygen at 150 m: NH25 (44.65N -124.65W),44.65150320350783,-124.64937649652742,150.0,1.0
2008,11,2.63724994659424,0.0,2.63724994659424,2.63724994659424,DO (ml/L),Monthly Dissolved Oxygen at 150 m: NH25 (44.65N -124.65W),44.65150320350783,-124.64937649652742,150.0,1.0
2008,12,3.33539009094238,0.0,3.33539009094238,3.33539009094238,DO (ml/L),Monthly Dissolved Oxygen at 150 m: NH25 (44.65N -124.65W),44.65150320350783,-124.64937649652742,150.0,1.0
2009,1,2.4631899595260647,0.04807007312774503,2.41511988639832,2.5112600326538095,DO (ml/L),Monthly Dissolved Oxygen at 150 m: NH25 (44.65N -124.65W),44.65150320350783,-124.64937649652742,150.0,1.0
2009,2,2.521514892578125,0.16520500183105513,2.35630989074707,2.68671989440918,DO (ml/L),Monthly Dissolved Oxygen at 150 m: NH25 (44.65N -124.65W),44.65150320350783,-124.64937649652742,150.0,1.0
2009,3,2.79271006584167,0.0,2.79271006584167,2.79271006584167,DO (ml/L),Monthly Dissolved Oxygen at 150 m: NH25 (44.65N -124.65W),44.65150320350783,-124.64937649652742,150.0,1.0
2009,4,2.2791600227356,0.0,2.2791600227356,2.2791600227356,DO (ml/L),Monthly Dissolved Oxygen at 150 m: NH25 (44.65N -124.65W),44.65150320350783,-124.64937649652742,150.0,1.0
2009,5,1.77347004413605,0.0,1.77347004413605,1.77347004413605,DO (ml/L),Monthly Dissolved Oxygen at 150 m: NH25 (44.65N -124.65W),44.65150320350783,-124.64937649652742,150.0,1.0
2009,6,1.8715000549952199,0.22149206480509137,1.6500079901901286,2.092992119800311,DO (ml/L),Monthly Dissolved Oxygen at 150 m: NH25 (44.65N -124.65W),44.65150320350783,-124.64937649652742,150.0,1.0
2009,7,1.9654867251714065,0.20915518406108993,1.7563315411103166,2.1746419092324967,DO (ml/L),Monthly Dissolved Oxygen at 150 m: NH25 (44.65N -124.65W),44.65150320350783,-124.64937649652742,150.0,1.0
2009,8,2.07730007171631,0.10887002944946012,1.9684300422668497,2.18617010116577,DO (ml/L),Monthly Dissolved Oxygen at 150 m: NH25 (44.65N -124.65W),44.65150320350783,-124.64937649652742,150.0,1.0
2009,9,2.057809948921205,0.1676999330520651,1.8901100158691397,2.22550988197327,DO (ml/L),Monthly Dissolved Oxygen at 150 m: NH25 (44.65N -124.65W),44.65150320350783,-124.64937649652742,150.0,1.0
2009,10,2.05115497112274,0.13489496707915993,1.91626000404358,2.1860499382019,DO (ml/L),Monthly Dissolved Oxygen at 150 m: NH25 (44.65N -124.65W),44.65150320350783,-124.64937649652742,150.0,1.0
2009,11,2.73597002029419,0.0,2.73597002029419,2.73597002029419,DO (ml/L),Monthly Dissolved Oxygen at 150 m: NH25 (44.65N -124.65W),44.65150320350783,-124.64937649652742,150.0,1.0
2009,12,2.53062009811401,0.0,2.53062009811401,2.53062009811401,DO (ml/L),Monthly Dissolved Oxygen at 150 m: NH25 (44.65N -124.65W),44.65150320350783,-124.64937649652742,150.0,1.0
2010,1,nan,nan,nan,nan,DO (ml/L),Monthly Dissolved Oxygen at 150 m: NH25 (44.65N -124.65W),44.65150320350783,-124.64937649652742,150.0,1.0
2010,2,3.1870748996734646,0.449254989624025,2.7378199100494394,3.63632988929749,DO (ml/L),Monthly Dissolved Oxygen at 150 m: NH25 (44.65N -124.65W),44.65150320350783,-124.64937649652742,150.0,1.0
2010,3,3.17031002044678,0.0,3.17031002044678,3.17031002044678,DO (ml/L),Monthly Dissolved Oxygen at 150 m: NH25 (44.65N -124.65W),44.65150320350783,-124.64937649652742,150.0,1.0
2010,4,2.78675007820129,0.0,2.78675007820129,2.78675007820129,DO (ml/L),Monthly Dissolved Oxygen at 150 m: NH25 (44.65N -124.65W),44.65150320350783,-124.64937649652742,150.0,1.0
2010,5,2.53526004155477,0.252440341736769,2.282819699818001,2.787700383291539,DO (ml/L),Monthly Dissolved Oxygen at 150 m: NH25 (44.65N -124.65W),44.65150320350783,-124.64937649652742,150.0,1.0
2010,6,2.2839283148447667,0.04505339775732961,2.238874917087437,2.328981712602096,DO (ml/L),Monthly Dissolved Oxygen at 150 m: NH25 (44.65N -124.65W),44.65150320350783,-124.64937649652742,150.0,1.0
2010,7,1.79694002866745,0.007319986820220059,1.78962004184723,1.80426001548767,DO (ml/L),Monthly Dissolved Oxygen at 150 m: NH25 (44.65N -124.65W),44.65150320350783,-124.64937649652742,150.0,1.0
2010,8,2.0444300174713153,0.0015199184417749034,2.04291009902954,2.0459499359130904,DO (ml/L),Monthly Dissolved Oxygen at 150 m: NH25 (44.65N -124.65W),44.65150320350783,-124.64937649652742,150.0,1.0
2010,9,2.0737375319004023,0.18609373334947818,1.8876437985509242,2.2598312652498804,DO (ml/L),Monthly Dissolved Oxygen at 150 m: NH25 (44.65N -124.65W),44.65150320350783,-124.64937649652742,150.0,1.0
2010,10,2.1367199420929,0.0,2.1367199420929,2.1367199420929,DO (ml/L),Monthly Dissolved Oxygen at 150 m: NH25 (44.65N -124.65W),44.65150320350783,-124.64937649652742,150.0,1.0
2010,11,2.05304002761841,0.0,2.05304002761841,2.05304002761841,DO (ml/L),Monthly Dissolved Oxygen at 150 m: NH25 (44.65N -124.65W),44.65150320350783,-124.64937649652742,150.0,1.0
2010,12,nan,nan,nan,nan,DO (ml/L),Monthly Dissolved Oxygen at 150 m: NH25 (44.65N -124.65W),44.65150320350783,-124.64937649652742,150.0,1.0
2011,1,2.52762007713318,0.0,2.52762007713318,2.52762007713318,DO (ml/L),Monthly Dissolved Oxygen at 150 m: NH25 (44.65N -124.65W),44.65150320350783,-124.64937649652742,150.0,1.0
2011,2,2.55641007423401,0.0,2.55641007423401,2.55641007423401,DO (ml/L),Monthly Dissolved Oxygen at 150 m: NH25 (44.65N -124.65W),44.65150320350783,-124.64937649652742,150.0,1.0
2011,3,nan,nan,nan,nan,DO (ml/L),Monthly Dissolved Oxygen at 150 m: NH25 (44.65N -124.65W),44.65150320350783,-124.64937649652742,150.0,1.0
2011,4,2.284439980983735,0.31134992837905495,1.9730900526046802,2.59578990936279,DO (ml/L),Monthly Dissolved Oxygen at 150 m: NH25 (44.65N -124.65W),44.65150320350783,-124.64937649652742,150.0,1.0
2011,5,1.859740018844605,0.12607002258300504,1.7336699962615998,1.98581004142761,DO (ml/L),Monthly Dissolved Oxygen at 150 m: NH25 (44.65N -124.65W),44.65150320350783,-124.64937649652742,150.0,1.0
2011,6,2.2644599676132167,0.3350065353896365,1.9294534322235801,2.599466503002853,DO (ml/L),Monthly Dissolved Oxygen at 150 m: NH25 (44.65N -124.65W),44.65150320350783,-124.64937649652742,150.0,1.0
2011,7,1.6043099761009252,0.11511999368667503,1.48918998241425,1.7194299697876003,DO (ml/L),Monthly Dissolved Oxygen at 150 m: NH25 (44.65N -124.65W),44.65150320350783,-124.64937649652742,150.0,1.0
2011,8,1.975574970245365,0.154505014419555,1.82106995582581,2.13007998466492,DO (ml/L),Monthly Dissolved Oxygen at 150 m: NH25 (44.65N -124.65W),44.65150320350783,-124.64937649652742,150.0,1.0
2011,9,1.8364332914352433,0.285480496205506,1.5509527952297373,2.1219137876407492,DO (ml/L),Monthly Dissolved Oxygen at 150 m: NH25 (44.65N -124.65W),44.65150320350783,-124.64937649652742,150.0,1.0
2011,10,2.25320994853973,0.06607997417449996,2.18712997436523,2.31928992271423,DO (ml/L),Monthly Dissolved Oxygen at 150 m: NH25 (44.65N -124.65W),44.65150320350783,-124.64937649652742,150.0,1.0
2011,11,nan,nan,nan,nan,DO (ml/L),Monthly Dissolved Oxygen at 150 m: NH25 (44.65N -124.65W),44.65150320350783,-124.64937649652742,150.0,1.0
2011,12,2.11023998260498,0.0,2.11023998260498,2.11023998260498,DO (ml/L),Monthly Dissolved Oxygen at 150 m: NH25 (44.65N -124.65W),44.65150320350783,-124.64937649652742,150.0,1.0
2012,1,2.51393008232117,0.0,2.51393008232117,2.51393008232117,DO (ml/L),Monthly Dissolved Oxygen at 150 m: NH25 (44.65N -124.65W),44.65150320350783,-124.64937649652742,150.0,1.0
2012,2,nan,nan,nan,nan,DO (ml/L),Monthly Dissolved Oxygen at 150 m: NH25 (44.65N -124.65W),44.65150320350783,-124.64937649652742,150.0,1.0
2012,3,2.332039952278135,0.20809996128082497,2.12393999099731,2.54013991355896,DO (ml/L),Monthly Dissolved Oxygen at 150 m: NH25 (44.65N -124.65W),44.65150320350783,-124.64937649652742,150.0,1.0
2012,4,2.680974960327145,0.026474952697755016,2.65450000762939,2.7074499130248997,DO (ml/L),Monthly Dissolved Oxygen at 150 m: NH25 (44.65N -124.65W),44.65150320350783,-124.64937649652742,150.0,1.0
2012,5,2.3632766405741368,0.2821072099563948,2.081169430617742,2.6453838505305316,DO (ml/L),Monthly Dissolved Oxygen at 150 m: NH25 (44.65N -124.65W),44.65150320350783,-124.64937649652742,150.0,1.0
2012,6,1.94245994091034,0.34330999851227006,1.59914994239807,2.28576993942261,DO (ml/L),Monthly Dissolved Oxygen at 150 m: NH25 (44.65N -124.65W),44.65150320350783,-124.64937649652742,150.0,1.0
2012,7,2.10183000564575,0.0,2.10183000564575,2.10183000564575,DO (ml/L),Monthly Dissolved Oxygen at 150 m: NH25 (44.65N -124.65W),44.65150320350783,-124.64937649652742,150.0,1.0
2012,8,1.997220039367675,0.014430046081545078,1.9827899932861297,2.01165008544922,DO (ml/L),Monthly Dissolved Oxygen at 150 m: NH25 (44.65N -124.65W),44.65150320350783,-124.64937649652742,150.0,1.0
2012,9,2.2590599854787166,0.18611823294229282,2.0729417525364235,2.4451782184210096,DO (ml/L),Monthly Dissolved Oxygen at 150 m: NH25 (44.65N -124.65W),44.65150320350783,-124.64937649652742,150.0,1.0
2012,10,2.45316004753113,0.0,2.45316004753113,2.45316004753113,DO (ml/L),Monthly Dissolved Oxygen at 150 m: NH25 (44.65N -124.65W),44.65150320350783,-124.64937649652742,150.0,1.0
2012,11,2.52891993522644,0.0,2.52891993522644,2.52891993522644,DO (ml/L),Monthly Dissolved Oxygen at 150 m: NH25 (44.65N -124.65W),44.65150320350783,-124.64937649652742,150.0,1.0
2012,12,nan,nan,nan,nan,DO (ml/L),Monthly Dissolved Oxygen at 150 m: NH25 (44.65N -124.65W),44.65150320350783,-124.64937649652742,150.0,1.0
2013,1,2.846440076828,0.0,2.846440076828,2.846440076828,DO (ml/L),Monthly Dissolved Oxygen at 150 m: NH25 (44.65N -124.65W),44.65150320350783,-124.64937649652742,150.0,1.0
2013,2,nan,nan,nan,nan,DO (ml/L),Monthly Dissolved Oxygen at 150 m: NH25 (44.65N -124.65W),44.65150320350783,-124.64937649652742,150.0,1.0
2013,3,2.327619910240175,0.16088998317718506,2.16672992706299,2.48850989341736,DO (ml/L),Monthly Dissolved Oxygen at 150 m: NH25 (44.65N -124.65W),44.65150320350783,-124.64937649652742,150.0,1.0
2013,4,1.91251003742218,0.0,1.91251003742218,1.91251003742218,DO (ml/L),Monthly Dissolved Oxygen at 150 m: NH25 (44.65N -124.65W),44.65150320350783,-124.64937649652742,150.0,1.0
2013,5,1.504275023937225,0.039704978466034935,1.46457004547119,1.5439800024032597,DO (ml/L),Monthly Dissolved Oxygen at 150 m: NH25 (44.65N -124.65W),44.65150320350783,-124.64937649652742,150.0,1.0
2013,6,2.04747009277344,0.0,2.04747009277344,2.04747009277344,DO (ml/L),Monthly Dissolved Oxygen at 150 m: NH25 (44.65N -124.65W),44.65150320350783,-124.64937649652742,150.0,1.0
2013,7,2.00932002067566,0.0,2.00932002067566,2.00932002067566,DO (ml/L),Monthly Dissolved Oxygen at 150 m: NH25 (44.65N -124.65W),44.65150320350783,-124.64937649652742,150.0,1.0
2013,8,2.26831007003784,0.0,2.26831007003784,2.26831007003784,DO (ml/L),Monthly Dissolved Oxygen at 150 m: NH25 (44.65N -124.65W),44.65150320350783,-124.64937649652742,150.0,1.0
2013,9,nan,nan,nan,nan,DO (ml/L),Monthly Dissolved Oxygen at 150 m: NH25 (44.65N -124.65W),44.65150320350783,-124.64937649652742,150.0,1.0
2013,10,2.218345046043395,0.03838503360748491,2.1799600124359104,2.25673007965088,DO (ml/L),Monthly Dissolved Oxygen at 150 m: NH25 (44.65N -124.65W),44.65150320350783,-124.64937649652742,150.0,1.0
2013,11,1.97104001045227,0.0,1.97104001045227,1.97104001045227,DO (ml/L),Monthly Dissolved Oxygen at 150 m: NH25 (44.65N -124.65W),44.65150320350783,-124.64937649652742,150.0,1.0
2013,12,2.6926600933075,0.0,2.6926600933075,2.6926600933075,DO (ml/L),Monthly Dissolved Oxygen at 150 m: NH25 (44.65N -124.65W),44.65150320350783,-124.64937649652742,150.0,1.0
2014,1,2.47737002372742,0.0,2.47737002372742,2.47737002372742,DO (ml/L),Monthly Dissolved Oxygen at 150 m: NH25 (44.65N -124.65W),44.65150320350783,-124.64937649652742,150.0,1.0
2014,2,2.72656011581421,0.0,2.72656011581421,2.72656011581421,DO (ml/L),Monthly Dissolved Oxygen at 150 m: NH25 (44.65N -124.65W),44.65150320350783,-124.64937649652742,150.0,1.0
2014,3,nan,nan,nan,nan,DO (ml/L),Monthly Dissolved Oxygen at 150 m: NH25 (44.65N -124.65W),44.65150320350783,-124.64937649652742,150.0,1.0
2014,4,2.59932994842529,0.0,2.59932994842529,2.59932994842529,DO (ml/L),Monthly Dissolved Oxygen at 150 m: NH25 (44.65N -124.65W),44.65150320350783,-124.64937649652742,150.0,1.0
2014,5,2.19443988800049,0.0,2.19443988800049,2.19443988800049,DO (ml/L),Monthly Dissolved Oxygen at 150 m: NH25 (44.65N -124.65W),44.65150320350783,-124.64937649652742,150.0,1.0
2014,6,2.015619993209835,0.250499963760375,1.7651200294494598,2.26611995697021,DO (ml/L),Monthly Dissolved Oxygen at 150 m: NH25 (44.65N -124.65W),44.65150320350783,-124.64937649652742,150.0,1.0
2014,7,2.115445017814635,0.229745030403135,1.8856999874115,2.34519004821777,DO (ml/L),Monthly Dissolved Oxygen at 150 m: NH25 (44.65N -124.65W),44.65150320350783,-124.64937649652742,150.0,1.0
2014,8,1.8574799895286551,0.0,1.8574799895286551,1.8574799895286551,DO (ml/L),Monthly Dissolved Oxygen at 150 m: NH25 (44.65N -124.65W),44.65150320350783,-124.64937649652742,150.0,1.0
2014,9,2.1221399307251,0.0,2.1221399307251,2.1221399307251,DO (ml/L),Monthly Dissolved Oxygen at 150 m: NH25 (44.65N -124.65W),44.65150320350783,-124.64937649652742,150.0,1.0
2014,10,2.50758004188538,0.0,2.50758004188538,2.50758004188538,DO (ml/L),Monthly Dissolved Oxygen at 150 m: NH25 (44.65N -124.65W),44.65150320350783,-124.64937649652742,150.0,1.0
2014,11,2.70394992828369,0.0,2.70394992828369,2.70394992828369,DO (ml/L),Monthly Dissolved Oxygen at 150 m: NH25 (44.65N -124.65W),44.65150320350783,-124.64937649652742,150.0,1.0
2014,12,nan,nan,nan,nan,DO (ml/L),Monthly Dissolved Oxygen at 150 m: NH25 (44.65N -124.65W),44.65150320350783,-124.64937649652742,150.0,1.0
2015,1,2.92312490940094,0.03871500492095992,2.88440990447998,2.9618399143219,DO (ml/L),Monthly Dissolved Oxygen at 150 m: NH25 (44.65N -124.65W),44.65150320350783,-124.64937649652742,150.0,1.0
2015,2,3.2977499961853,0.0,3.2977499961853,3.2977499961853,DO (ml/L),Monthly Dissolved Oxygen at 150 m: NH25 (44.65N -124.65W),44.65150320350783,-124.64937649652742,150.0,1.0
2015,3,2.7849334081014034,0.05574364662370238,2.729189761477701,2.8406770547251057,DO (ml/L),Monthly Dissolved Oxygen at 150 m: NH25 (44.65N -124.65W),44.65150320350783,-124.64937649652742,150.0,1.0
2015,4,2.27570009231567,0.0,2.27570009231567,2.27570009231567,DO (ml/L),Monthly Dissolved Oxygen at 150 m: NH25 (44.65N -124.65W),44.65150320350783,-124.64937649652742,150.0,1.0
2015,5,2.4627000093460047,0.27569997310638494,2.1870000362396196,2.73839998245239,DO (ml/L),Monthly Dissolved Oxygen at 150 m: NH25 (44.65N -124.65W),44.65150320350783,-124.64937649652742,150.0,1.0
2015,6,2.28180003166199,0.0,2.28180003166199,2.28180003166199,DO (ml/L),Monthly Dissolved Oxygen at 150 m: NH25 (44.65N -124.65W),44.65150320350783,-124.64937649652742,150.0,1.0
2015,7,2.25129997730255,0.12729990482330011,2.12400007247925,2.37859988212585,DO (ml/L),Monthly Dissolved Oxygen at 150 m: NH25 (44.65N -124.65W),44.65150320350783,-124.64937649652742,150.0,1.0
2015,8,2.45705008506775,0.06005001068115012,2.3970000743866,2.5171000957489,DO (ml/L),Monthly Dissolved Oxygen at 150 m: NH25 (44.65N -124.65W),44.65150320350783,-124.64937649652742,150.0,1.0
2015,9,2.64520001411438,0.0,2.64520001411438,2.64520001411438,DO (ml/L),Monthly Dissolved Oxygen at 150 m: NH25 (44.65N -124.65W),44.65150320350783,-124.64937649652742,150.0,1.0
2015,10,3.18564999103546,0.08434998989105003,3.10130000114441,3.26999998092651,DO (ml/L),Monthly Dissolved Oxygen at 150 m: NH25 (44.65N -124.65W),44.65150320350783,-124.64937649652742,150.0,1.0
2015,11,2.68099999427795,0.0,2.68099999427795,2.68099999427795,DO (ml/L),Monthly Dissolved Oxygen at 150 m: NH25 (44.65N -124.65W),44.65150320350783,-124.64937649652742,150.0,1.0
2015,12,nan,nan,nan,nan,DO (ml/L),Monthly Dissolved Oxygen at 150 m: NH25 (44.65N -124.65W),44.65150320350783,-124.64937649652742,150.0,1.0
2016,1,3.521399974823,0.0,3.521399974823,3.521399974823,DO (ml/L),Monthly Dissolved Oxygen at 150 m: NH25 (44.65N -124.65W),44.65150320350783,-124.64937649652742,150.0,1.0
2016,2,3.41639995574951,0.0,3.41639995574951,3.41639995574951,DO (ml/L),Monthly Dissolved Oxygen at 150 m: NH25 (44.65N -124.65W),44.65150320350783,-124.64937649652742,150.0,1.0
2016,3,3.02040004730225,0.0,3.02040004730225,3.02040004730225,DO (ml/L),Monthly Dissolved Oxygen at 150 m: NH25 (44.65N -124.65W),44.65150320350783,-124.64937649652742,150.0,1.0
2016,4,2.41849994659424,0.0,2.41849994659424,2.41849994659424,DO (ml/L),Monthly Dissolved Oxygen at 150 m: NH25 (44.65N -124.65W),44.65150320350783,-124.64937649652742,150.0,1.0
2016,5,2.355599999427795,0.20879995822906494,2.14680004119873,2.56439995765686,DO (ml/L),Monthly Dissolved Oxygen at 150 m: NH25 (44.65N -124.65W),44.65150320350783,-124.64937649652742,150.0,1.0
2016,6,2.3601499795913696,0.0056499242782599435,2.3545000553131095,2.36579990386963,DO (ml/L),Monthly Dissolved Oxygen at 150 m: NH25 (44.65N -124.65W),44.65150320350783,-124.64937649652742,150.0,1.0
2016,7,nan,nan,nan,nan,DO (ml/L),Monthly Dissolved Oxygen at 150 m: NH25 (44.65N -124.65W),44.65150320350783,-124.64937649652742,150.0,1.0
2016,8,2.0799999237060547,0.014400005340575062,2.0655999183654794,2.09439992904663,DO (ml/L),Monthly Dissolved Oxygen at 150 m: NH25 (44.65N -124.65W),44.65150320350783,-124.64937649652742,150.0,1.0
2016,9,2.05719995498657,0.0,2.05719995498657,2.05719995498657,DO (ml/L),Monthly Dissolved Oxygen at 150 m: NH25 (44.65N -124.65W),44.65150320350783,-124.64937649652742,150.0,1.0
2016,10,2.52489995956421,0.0,2.52489995956421,2.52489995956421,DO (ml/L),Monthly Dissolved Oxygen at 150 m: NH25 (44.65N -124.65W),44.65150320350783,-124.64937649652742,150.0,1.0
2016,11,nan,nan,nan,nan,DO (ml/L),Monthly Dissolved Oxygen at 150 m: NH25 (44.65N -124.65W),44.65150320350783,-124.64937649652742,150.0,1.0
2016,12,3.06159996986389,0.0,3.06159996986389,3.06159996986389,DO (ml/L),Monthly Dissolved Oxygen at 150 m: NH25 (44.65N -124.65W),44.65150320350783,-124.64937649652742,150.0,1.0
2017,1,3.142750024795535,0.009949922561645064,3.13280010223389,3.15269994735718,DO (ml/L),Monthly Dissolved Oxygen at 150 m: NH25 (44.65N -124.65W),44.65150320350783,-124.64937649652742,150.0,1.0
2017,2,3.0647000074386597,0.12950003147125,2.93519997596741,3.1942000389099094,DO (ml/L),Monthly Dissolved Oxygen at 150 m: NH25 (44.65N -124.65W),44.65150320350783,-124.64937649652742,150.0,1.0
2017,3,2.52620005607605,0.0,2.52620005607605,2.52620005607605,DO (ml/L),Monthly Dissolved Oxygen at 150 m: NH25 (44.65N -124.65W),44.65150320350783,-124.64937649652742,150.0,1.0
2017,4,nan,nan,nan,nan,DO (ml/L),Monthly Dissolved Oxygen at 150 m: NH25 (44.65N -124.65W),44.65150320350783,-124.64937649652742,150.0,1.0
2017,5,2.0618999004364,0.0,2.0618999004364,2.0618999004364,DO (ml/L),Monthly Dissolved Oxygen at 150 m: NH25 (44.65N -124.65W),44.65150320350783,-124.64937649652742,150.0,1.0
2017,6,1.9327999949455301,0.2391000390052801,1.6936999559402501,2.17190003395081,DO (ml/L),Monthly Dissolved Oxygen at 150 m: NH25 (44.65N -124.65W),44.65150320350783,-124.64937649652742,150.0,1.0
2017,7,1.92699998617172,0.31489998102188,1.61210000514984,2.2418999671936,DO (ml/L),Monthly Dissolved Oxygen at 150 m: NH25 (44.65N -124.65W),44.65150320350783,-124.64937649652742,150.0,1.0
2017,8,1.87839996814728,0.0,1.87839996814728,1.87839996814728,DO (ml/L),Monthly Dissolved Oxygen at 150 m: NH25 (44.65N -124.65W),44.65150320350783,-124.64937649652742,150.0,1.0
2017,9,2.15659999847412,0.0,2.15659999847412,2.15659999847412,DO (ml/L),Monthly Dissolved Oxygen at 150 m: NH25 (44.65N -124.65W),44.65150320350783,-124.64937649652742,150.0,1.0
2017,10,nan,nan,nan,nan,DO (ml/L),Monthly Dissolved Oxygen at 150 m: NH25 (44.65N -124.65W),44.65150320350783,-124.64937649652742,150.0,1.0
2017,11,nan,nan,nan,nan,DO (ml/L),Monthly Dissolved Oxygen at 150 m: NH25 (44.65N -124.65W),44.65150320350783,-124.64937649652742,150.0,1.0
2017,12,2.65520000457764,0.0,2.65520000457764,2.65520000457764,DO (ml/L),Monthly Dissolved Oxygen at 150 m: NH25 (44.65N -124.65W),44.65150320350783,-124.64937649652742,150.0,1.0
2018,1,nan,nan,nan,nan,DO (ml/L),Monthly Dissolved Oxygen at 150 m: NH25 (44.65N -124.65W),44.65150320350783,-124.64937649652742,150.0,1.0
2018,2,2.13289999961853,0.0,2.13289999961853,2.13289999961853,DO (ml/L),Monthly Dissolved Oxygen at 150 m: NH25 (44.65N -124.65W),44.65150320350783,-124.64937649652742,150.0,1.0
2018,3,2.384699940681455,0.2236000299453751,2.1610999107360795,2.60829997062683,DO (ml/L),Monthly Dissolved Oxygen at 150 m: NH25 (44.65N -124.65W),44.65150320350783,-124.64937649652742,150.0,1.0
2018,4,nan,nan,nan,nan,DO (ml/L),Monthly Dissolved Oxygen at 150 m: NH25 (44.65N -124.65W),44.65150320350783,-124.64937649652742,150.0,1.0
2018,5,2.44269990921021,0.0,2.44269990921021,2.44269990921021,DO (ml/L),Monthly Dissolved Oxygen at 150 m: NH25 (44.65N -124.65W),44.65150320350783,-124.64937649652742,150.0,1.0
2018,6,1.24500000476837,0.0,1.24500000476837,1.24500000476837,DO (ml/L),Monthly Dissolved Oxygen at 150 m: NH25 (44.65N -124.65W),44.65150320350783,-124.64937649652742,150.0,1.0
2018,7,1.9345999956131,0.0,1.9345999956131,1.9345999956131,DO (ml/L),Monthly Dissolved Oxygen at 150 m: NH25 (44.65N -124.65W),44.65150320350783,-124.64937649652742,150.0,1.0
2018,8,2.17639994621277,0.0,2.17639994621277,2.17639994621277,DO (ml/L),Monthly Dissolved Oxygen at 150 m: NH25 (44.65N -124.65W),44.65150320350783,-124.64937649652742,150.0,1.0
2018,9,1.99524998664856,0.005450010299679953,1.98979997634888,2.00069999694824,DO (ml/L),Monthly Dissolved Oxygen at 150 m: NH25 (44.65N -124.65W),44.65150320350783,-124.64937649652742,150.0,1.0
2018,10,2.61500000953674,0.0,2.61500000953674,2.61500000953674,DO (ml/L),Monthly Dissolved Oxygen at 150 m: NH25 (44.65N -124.65W),44.65150320350783,-124.64937649652742,150.0,1.0
2018,11,2.65030002593994,0.0,2.65030002593994,2.65030002593994,DO (ml/L),Monthly Dissolved Oxygen at 150 m: NH25 (44.65N -124.65W),44.65150320350783,-124.64937649652742,150.0,1.0
2018,12,2.64237499237061,0.0,2.64237499237061,2.64237499237061,DO (ml/L),Monthly Dissolved Oxygen at 150 m: NH25 (44.65N -124.65W),44.65150320350783,-124.64937649652742,150.0,1.0
2019,1,3.16700005531311,0.0,3.16700005531311,3.16700005531311,DO (ml/L),Monthly Dissolved Oxygen at 150 m: NH25 (44.65N -124.65W),44.65150320350783,-124.64937649652742,150.0,1.0
2019,2,3.375,0.0,3.375,3.375,DO (ml/L),Monthly Dissolved Oxygen at 150 m: NH25 (44.65N -124.65W),44.65150320350783,-124.64937649652742,150.0,1.0
2019,3,3.14240002632141,0.0,3.14240002632141,3.14240002632141,DO (ml/L),Monthly Dissolved Oxygen at 150 m: NH25 (44.65N -124.65W),44.65150320350783,-124.64937649652742,150.0,1.0
2019,4,3.21239995956421,0.0,3.21239995956421,3.21239995956421,DO (ml/L),Monthly Dissolved Oxygen at 150 m: NH25 (44.65N -124.65W),44.65150320350783,-124.64937649652742,150.0,1.0
2019,5,2.60549998283386,0.0,2.60549998283386,2.60549998283386,DO (ml/L),Monthly Dissolved Oxygen at 150 m: NH25 (44.65N -124.65W),44.65150320350783,-124.64937649652742,150.0,1.0
2019,6,2.387449979782105,0.003649950027464932,2.38380002975464,2.39109992980957,DO (ml/L),Monthly Dissolved Oxygen at 150 m: NH25 (44.65N -124.65W),44.65150320350783,-124.64937649652742,150.0,1.0
2019,7,2.26410007476807,0.0,2.26410007476807,2.26410007476807,DO (ml/L),Monthly Dissolved Oxygen at 150 m: NH25 (44.65N -124.65W),44.65150320350783,-124.64937649652742,150.0,1.0
2019,8,2.15109992027283,0.0,2.15109992027283,2.15109992027283,DO (ml/L),Monthly Dissolved Oxygen at 150 m: NH25 (44.65N -124.65W),44.65150320350783,-124.64937649652742,150.0,1.0
2019,9,1.7993333339691135,0.2882024447241757,1.5111308892449378,2.0875357786932893,DO (ml/L),Monthly Dissolved Oxygen at 150 m: NH25 (44.65N -124.65W),44.65150320350783,-124.64937649652742,150.0,1.0
2019,10,2.50040006637573,0.0,2.50040006637573,2.50040006637573,DO (ml/L),Monthly Dissolved Oxygen at 150 m: NH25 (44.65N -124.65W),44.65150320350783,-124.64937649652742,150.0,1.0
2019,11,2.58380007743835,0.0,2.58380007743835,2.58380007743835,DO (ml/L),Monthly Dissolved Oxygen at 150 m: NH25 (44.65N -124.65W),44.65150320350783,-124.64937649652742,150.0,1.0
2019,12,2.70169997215271,0.0,2.70169997215271,2.70169997215271,DO (ml/L),Monthly Dissolved Oxygen at 150 m: NH25 (44.65N -124.65W),44.65150320350783,-124.64937649652742,150.0,1.0
2020,1,nan,nan,nan,nan,DO (ml/L),Monthly Dissolved Oxygen at 150 m: NH25 (44.65N -124.65W),44.65150320350783,-124.64937649652742,150.0,1.0
2020,2,2.70260000228882,0.0,2.70260000228882,2.70260000228882,DO (ml/L),Monthly Dissolved Oxygen at 150 m: NH25 (44.65N -124.65W),44.65150320350783,-124.64937649652742,150.0,1.0
2020,3,2.72399997711182,0.0,2.72399997711182,2.72399997711182,DO (ml/L),Monthly Dissolved Oxygen at 150 m: NH25 (44.65N -124.65W),44.65150320350783,-124.64937649652742,150.0,1.0
2020,4,2.56270003318787,0.0,2.56270003318787,2.56270003318787,DO (ml/L),Monthly Dissolved Oxygen at 150 m: NH25 (44.65N -124.65W),44.65150320350783,-124.64937649652742,150.0,1.0
2020,5,nan,nan,nan,nan,DO (ml/L),Monthly Dissolved Oxygen at 150 m: NH25 (44.65N -124.65W),44.65150320350783,-124.64937649652742,150.0,1.0
2020,6,1.947850028673805,0.15605000654856516,1.7918000221252397,2.1039000352223702,DO (ml/L),Monthly Dissolved Oxygen at 150 m: NH25 (44.65N -124.65W),44.65150320350783,-124.64937649652742,150.0,1.0
2020,7,1.40240001678467,0.0,1.40240001678467,1.40240001678467,DO (ml/L),Monthly Dissolved Oxygen at 150 m: NH25 (44.65N -124.65W),44.65150320350783,-124.64937649652742,150.0,1.0
2020,8,1.89069998264313,0.0,1.89069998264313,1.89069998264313,DO (ml/L),Monthly Dissolved Oxygen at 150 m: NH25 (44.65N -124.65W),44.65150320350783,-124.64937649652742,150.0,1.0
2020,9,2.0779999097188333,0.20166682576163297,1.8763330839572003,2.2796667354804665,DO (ml/L),Monthly Dissolved Oxygen at 150 m: NH25 (44.65N -124.65W),44.65150320350783,-124.64937649652742,150.0,1.0
2020,10,2.17529988288879,0.0,2.17529988288879,2.17529988288879,DO (ml/L),Monthly Dissolved Oxygen at 150 m: NH25 (44.65N -124.65W),44.65150320350783,-124.64937649652742,150.0,1.0
