time,latitude,BEUTI
UTC,degrees_north,mmol m-1 s-1
1988-01-15T00:00:00Z,33.0,0.614
1988-01-15T00:00:00Z,39.0,2.16
1988-01-15T00:00:00Z,45.0,-0.442
1988-02-15T00:00:00Z,33.0,0.596
1988-02-15T00:00:00Z,39.0,9.58
1988-02-15T00:00:00Z,45.0,3.258
1988-03-15T00:00:00Z,33.0,0.579
1988-03-15T00:00:00Z,39.0,25.179
1988-03-15T00:00:00Z,45.0,0.762
1988-04-15T00:00:00Z,33.0,0.17
1988-04-15T00:00:00Z,39.0,10.962
1988-04-15T00:00:00Z,45.0,0.902
1988-05-15T00:00:00Z,33.0,0.735
1988-05-15T00:00:00Z,39.0,19.798
1988-05-15T00:00:00Z,45.0,0.068
1988-06-15T00:00:00Z,33.0,0.288
1988-06-15T00:00:00Z,39.0,21.401
1988-06-15T00:00:00Z,45.0,0.297
1988-07-15T00:00:00Z,33.0,0.03
1988-07-15T00:00:00Z,39.0,19.794
1988-07-15T00:00:00Z,45.0,1.198
1988-08-15T00:00:00Z,33.0,0.008
1988-08-15T00:00:00Z,39.0,9.025
1988-08-15T00:00:00Z,45.0,1.712
1988-09-15T00:00:00Z,33.0,0.003
1988-09-15T00:00:00Z,39.0,12.575
1988-09-15T00:00:00Z,45.0,1.252
1988-10-15T00:00:00Z,33.0,0.01
1988-10-15T00:00:00Z,39.0,4.547
1988-10-15T00:00:00Z,45.0,0.462
1988-11-15T00:00:00Z,33.0,0.207
1988-11-15T00:00:00Z,39.0,3.881
1988-11-15T00:00:00Z,45.0,-0.401
1988-12-15T00:00:00Z,33.0,0.912
1988-12-15T00:00:00Z,39.0,12.411
1988-12-15T00:00:00Z,45.0,1.051
1989-01-15T00:00:00Z,33.0,1.434
1989-01-15T00:00:00Z,39.0,13.414
1989-01-15T00:00:00Z,45.0,0.949
1989-02-15T00:00:00Z,33.0,1.679
1989-02-15T00:00:00Z,39.0,19.26
1989-02-15T00:00:00Z,45.0,-1.359
1989-03-15T00:00:00Z,33.0,2.018
1989-03-15T00:00:00Z,39.0,-0.148
1989-03-15T00:00:00Z,45.0,-10.264
1989-04-15T00:00:00Z,33.0,0.286
1989-04-15T00:00:00Z,39.0,9.998
1989-04-15T00:00:00Z,45.0,2.079
1989-05-15T00:00:00Z,33.0,0.328
1989-05-15T00:00:00Z,39.0,25.379
1989-05-15T00:00:00Z,45.0,1.16
1989-06-15T00:00:00Z,33.0,0.163
1989-06-15T00:00:00Z,39.0,18.102
1989-06-15T00:00:00Z,45.0,0.739
1989-07-15T00:00:00Z,33.0,0.04
1989-07-15T00:00:00Z,39.0,24.146
1989-07-15T00:00:00Z,45.0,0.125
1989-08-15T00:00:00Z,33.0,0.009
1989-08-15T00:00:00Z,39.0,11.219
1989-08-15T00:00:00Z,45.0,0.726
1989-09-15T00:00:00Z,33.0,0.005
1989-09-15T00:00:00Z,39.0,3.538
1989-09-15T00:00:00Z,45.0,1.485
1989-10-15T00:00:00Z,33.0,0.015
1989-10-15T00:00:00Z,39.0,4.236
1989-10-15T00:00:00Z,45.0,0.31
1989-11-15T00:00:00Z,33.0,0.008
1989-11-15T00:00:00Z,39.0,3.162
1989-11-15T00:00:00Z,45.0,0.222
1989-12-15T00:00:00Z,33.0,0.093
1989-12-15T00:00:00Z,39.0,4.571
1989-12-15T00:00:00Z,45.0,1.228
1990-01-15T00:00:00Z,33.0,0.444
1990-01-15T00:00:00Z,39.0,8.789
1990-01-15T00:00:00Z,45.0,-4.569
1990-02-15T00:00:00Z,33.0,1.925
1990-02-15T00:00:00Z,39.0,16.87
1990-02-15T00:00:00Z,45.0,-1.89
1990-03-15T00:00:00Z,33.0,1.588
1990-03-15T00:00:00Z,39.0,21.018
1990-03-15T00:00:00Z,45.0,1.17
1990-04-15T00:00:00Z,33.0,0.35
1990-04-15T00:00:00Z,39.0,21.164
1990-04-15T00:00:00Z,45.0,3.576
1990-05-15T00:00:00Z,33.0,0.197
1990-05-15T00:00:00Z,39.0,28.566
1990-05-15T00:00:00Z,45.0,2.684
1990-06-15T00:00:00Z,33.0,0.063
1990-06-15T00:00:00Z,39.0,13.908
1990-06-15T00:00:00Z,45.0,0.115
1990-07-15T00:00:00Z,33.0,0.009
1990-07-15T00:00:00Z,39.0,5.738
1990-07-15T00:00:00Z,45.0,0.828
1990-08-15T00:00:00Z,33.0,0.005
1990-08-15T00:00:00Z,39.0,3.273
1990-08-15T00:00:00Z,45.0,1.119
1990-09-15T00:00:00Z,33.0,0.005
1990-09-15T00:00:00Z,39.0,1.901
1990-09-15T00:00:00Z,45.0,0.161
1990-10-15T00:00:00Z,33.0,0.002
1990-10-15T00:00:00Z,39.0,7.678
1990-10-15T00:00:00Z,45.0,0.015
1990-11-15T00:00:00Z,33.0,0.015
1990-11-15T00:00:00Z,39.0,10.493
1990-11-15T00:00:00Z,45.0,-0.011
1990-12-15T00:00:00Z,33.0,0.213
1990-12-15T00:00:00Z,39.0,17.36
1990-12-15T00:00:00Z,45.0,5.267
1991-01-15T00:00:00Z,33.0,0.345
1991-01-15T00:00:00Z,39.0,3.311
1991-01-15T00:00:00Z,45.0,-0.597
1991-02-15T00:00:00Z,33.0,0.462
1991-02-15T00:00:00Z,39.0,6.623
1991-02-15T00:00:00Z,45.0,-5.348
1991-03-15T00:00:00Z,33.0,1.263
1991-03-15T00:00:00Z,39.0,12.246
1991-03-15T00:00:00Z,45.0,0.739
1991-04-15T00:00:00Z,33.0,1.323
1991-04-15T00:00:00Z,39.0,25.472
1991-04-15T00:00:00Z,45.0,-1.209
1991-05-15T00:00:00Z,33.0,1.623
1991-05-15T00:00:00Z,39.0,43.141
1991-05-15T00:00:00Z,45.0,3.411
1991-06-15T00:00:00Z,33.0,0.188
1991-06-15T00:00:00Z,39.0,31.907
1991-06-15T00:00:00Z,45.0,3.638
1991-07-15T00:00:00Z,33.0,0.131
1991-07-15T00:00:00Z,39.0,14.444
1991-07-15T00:00:00Z,45.0,1.748
1991-08-15T00:00:00Z,33.0,0.021
1991-08-15T00:00:00Z,39.0,6.078
1991-08-15T00:00:00Z,45.0,0.436
1991-09-15T00:00:00Z,33.0,0.014
1991-09-15T00:00:00Z,39.0,4.394
1991-09-15T00:00:00Z,45.0,0.237
1991-10-15T00:00:00Z,33.0,0.018
1991-10-15T00:00:00Z,39.0,4.17
1991-10-15T00:00:00Z,45.0,1.151
1991-11-15T00:00:00Z,33.0,0.204
1991-11-15T00:00:00Z,39.0,11.18
1991-11-15T00:00:00Z,45.0,-0.773
1991-12-15T00:00:00Z,33.0,0.234
1991-12-15T00:00:00Z,39.0,1.533
1991-12-15T00:00:00Z,45.0,-1.206
1992-01-15T00:00:00Z,33.0,0.191
1992-01-15T00:00:00Z,39.0,1.345
1992-01-15T00:00:00Z,45.0,-7.41
1992-02-15T00:00:00Z,33.0,-0.045
1992-02-15T00:00:00Z,39.0,-2.57
1992-02-15T00:00:00Z,45.0,-1.782
1992-03-15T00:00:00Z,33.0,0.143
1992-03-15T00:00:00Z,39.0,0.604
1992-03-15T00:00:00Z,45.0,1.359
1992-04-15T00:00:00Z,33.0,0.052
1992-04-15T00:00:00Z,39.0,3.255
1992-04-15T00:00:00Z,45.0,0.042
1992-05-15T00:00:00Z,33.0,0.077
1992-05-15T00:00:00Z,39.0,10.61
1992-05-15T00:00:00Z,45.0,0.342
1992-06-15T00:00:00Z,33.0,0.058
1992-06-15T00:00:00Z,39.0,10.198
1992-06-15T00:00:00Z,45.0,0.403
1992-07-15T00:00:00Z,33.0,0.013
1992-07-15T00:00:00Z,39.0,5.536
1992-07-15T00:00:00Z,45.0,0.528
1992-08-15T00:00:00Z,33.0,0.003
1992-08-15T00:00:00Z,39.0,4.992
1992-08-15T00:00:00Z,45.0,0.507
1992-09-15T00:00:00Z,33.0,0.004
1992-09-15T00:00:00Z,39.0,3.8
1992-09-15T00:00:00Z,45.0,0.603
1992-10-15T00:00:00Z,33.0,0.003
1992-10-15T00:00:00Z,39.0,0.263
1992-10-15T00:00:00Z,45.0,0.406
1992-11-15T00:00:00Z,33.0,0.007
1992-11-15T00:00:00Z,39.0,0.884
1992-11-15T00:00:00Z,45.0,-0.141
1992-12-15T00:00:00Z,33.0,0.2
1992-12-15T00:00:00Z,39.0,2.796
1992-12-15T00:00:00Z,45.0,-0.54
1993-01-15T00:00:00Z,33.0,0.18
1993-01-15T00:00:00Z,39.0,-0.749
1993-01-15T00:00:00Z,45.0,-0.284
1993-02-15T00:00:00Z,33.0,0.151
1993-02-15T00:00:00Z,39.0,-1.228
1993-02-15T00:00:00Z,45.0,0.319
1993-03-15T00:00:00Z,33.0,0.228
1993-03-15T00:00:00Z,39.0,2.865
1993-03-15T00:00:00Z,45.0,-3.679
1993-04-15T00:00:00Z,33.0,0.262
1993-04-15T00:00:00Z,39.0,11.304
1993-04-15T00:00:00Z,45.0,-3.822
1993-05-15T00:00:00Z,33.0,0.093
1993-05-15T00:00:00Z,39.0,4.073
1993-05-15T00:00:00Z,45.0,-0.029
1993-06-15T00:00:00Z,33.0,0.016
1993-06-15T00:00:00Z,39.0,12.286
1993-06-15T00:00:00Z,45.0,0.082
1993-07-15T00:00:00Z,33.0,0.004
1993-07-15T00:00:00Z,39.0,17.71
1993-07-15T00:00:00Z,45.0,0.182
1993-08-15T00:00:00Z,33.0,0.008
1993-08-15T00:00:00Z,39.0,6.462
1993-08-15T00:00:00Z,45.0,0.309
1993-09-15T00:00:00Z,33.0,0.006
1993-09-15T00:00:00Z,39.0,6.922
1993-09-15T00:00:00Z,45.0,0.888
1993-10-15T00:00:00Z,33.0,0.002
1993-10-15T00:00:00Z,39.0,1.455
1993-10-15T00:00:00Z,45.0,0.426
1993-11-15T00:00:00Z,33.0,0.014
1993-11-15T00:00:00Z,39.0,4.308
1993-11-15T00:00:00Z,45.0,1.123
1993-12-15T00:00:00Z,33.0,0.195
1993-12-15T00:00:00Z,39.0,0.148
1993-12-15T00:00:00Z,45.0,-7.233
1994-01-15T00:00:00Z,33.0,0.287
1994-01-15T00:00:00Z,39.0,1.708
1994-01-15T00:00:00Z,45.0,-2.582
1994-02-15T00:00:00Z,33.0,0.282
1994-02-15T00:00:00Z,39.0,1.476
1994-02-15T00:00:00Z,45.0,-4.906
1994-03-15T00:00:00Z,33.0,0.463
1994-03-15T00:00:00Z,39.0,4.963
1994-03-15T00:00:00Z,45.0,0.318
1994-04-15T00:00:00Z,33.0,1.056
1994-04-15T00:00:00Z,39.0,18.896
1994-04-15T00:00:00Z,45.0,1.092
1994-05-15T00:00:00Z,33.0,0.487
1994-05-15T00:00:00Z,39.0,16.045
1994-05-15T00:00:00Z,45.0,0.73
1994-06-15T00:00:00Z,33.0,0.063
1994-06-15T00:00:00Z,39.0,19.103
1994-06-15T00:00:00Z,45.0,0.12
1994-07-15T00:00:00Z,33.0,0.017
1994-07-15T00:00:00Z,39.0,15.015
1994-07-15T00:00:00Z,45.0,1.039
1994-08-15T00:00:00Z,33.0,0.006
1994-08-15T00:00:00Z,39.0,6.512
1994-08-15T00:00:00Z,45.0,0.068
1994-09-15T00:00:00Z,33.0,0.004
1994-09-15T00:00:00Z,39.0,1.954
1994-09-15T00:00:00Z,45.0,0.045
1994-10-15T00:00:00Z,33.0,0.01
1994-10-15T00:00:00Z,39.0,8.432
1994-10-15T00:00:00Z,45.0,0.285
1994-11-15T00:00:00Z,33.0,0.29
1994-11-15T00:00:00Z,39.0,4.973
1994-11-15T00:00:00Z,45.0,-1.412
1994-12-15T00:00:00Z,33.0,0.638
1994-12-15T00:00:00Z,39.0,0.57
1994-12-15T00:00:00Z,45.0,-9.285
1995-01-15T00:00:00Z,33.0,0.627
1995-01-15T00:00:00Z,39.0,-15.855
1995-01-15T00:00:00Z,45.0,-7.616
1995-02-15T00:00:00Z,33.0,0.237
1995-02-15T00:00:00Z,39.0,2.519
1995-02-15T00:00:00Z,45.0,-2.708
1995-03-15T00:00:00Z,33.0,0.265
1995-03-15T00:00:00Z,39.0,0.792
1995-03-15T00:00:00Z,45.0,-3.258
1995-04-15T00:00:00Z,33.0,1.511
1995-04-15T00:00:00Z,39.0,16.777
1995-04-15T00:00:00Z,45.0,2.354
1995-05-15T00:00:00Z,33.0,1.016
1995-05-15T00:00:00Z,39.0,17.695
1995-05-15T00:00:00Z,45.0,1.516
1995-06-15T00:00:00Z,33.0,0.334
1995-06-15T00:00:00Z,39.0,14.565
1995-06-15T00:00:00Z,45.0,0.753
1995-07-15T00:00:00Z,33.0,0.033
1995-07-15T00:00:00Z,39.0,4.65
1995-07-15T00:00:00Z,45.0,0.568
1995-08-15T00:00:00Z,33.0,0.005
1995-08-15T00:00:00Z,39.0,5.868
1995-08-15T00:00:00Z,45.0,0.691
1995-09-15T00:00:00Z,33.0,0.006
1995-09-15T00:00:00Z,39.0,0.743
1995-09-15T00:00:00Z,45.0,0.072
1995-10-15T00:00:00Z,33.0,0.005
1995-10-15T00:00:00Z,39.0,2.536
1995-10-15T00:00:00Z,45.0,0.05
1995-11-15T00:00:00Z,33.0,0.015
1995-11-15T00:00:00Z,39.0,2.247
1995-11-15T00:00:00Z,45.0,-0.968
1995-12-15T00:00:00Z,33.0,0.153
1995-12-15T00:00:00Z,39.0,-0.59
1995-12-15T00:00:00Z,45.0,-1.355
1996-01-15T00:00:00Z,33.0,0.571
1996-01-15T00:00:00Z,39.0,3.307
1996-01-15T00:00:00Z,45.0,0.274
1996-02-15T00:00:00Z,33.0,0.551
1996-02-15T00:00:00Z,39.0,-1.002
1996-02-15T00:00:00Z,45.0,-2.839
1996-03-15T00:00:00Z,33.0,0.514
1996-03-15T00:00:00Z,39.0,6.644
1996-03-15T00:00:00Z,45.0,-0.425
1996-04-15T00:00:00Z,33.0,0.506
1996-04-15T00:00:00Z,39.0,7.183
1996-04-15T00:00:00Z,45.0,-2.793
1996-05-15T00:00:00Z,33.0,0.042
1996-05-15T00:00:00Z,39.0,26.232
1996-05-15T00:00:00Z,45.0,0.679
1996-06-15T00:00:00Z,33.0,0.064
1996-06-15T00:00:00Z,39.0,32.898
1996-06-15T00:00:00Z,45.0,0.552
1996-07-15T00:00:00Z,33.0,0.01
1996-07-15T00:00:00Z,39.0,15.877
1996-07-15T00:00:00Z,45.0,0.922
1996-08-15T00:00:00Z,33.0,0.007
1996-08-15T00:00:00Z,39.0,13.986
1996-08-15T00:00:00Z,45.0,2.209
1996-09-15T00:00:00Z,33.0,0.002
1996-09-15T00:00:00Z,39.0,5.366
1996-09-15T00:00:00Z,45.0,0.255
1996-10-15T00:00:00Z,33.0,0.023
1996-10-15T00:00:00Z,39.0,4.477
1996-10-15T00:00:00Z,45.0,0.194
1996-11-15T00:00:00Z,33.0,0.176
1996-11-15T00:00:00Z,39.0,5.136
1996-11-15T00:00:00Z,45.0,0.119
1996-12-15T00:00:00Z,33.0,0.137
1996-12-15T00:00:00Z,39.0,-2.138
1996-12-15T00:00:00Z,45.0,-4.601
1997-01-15T00:00:00Z,33.0,0.413
1997-01-15T00:00:00Z,39.0,0.571
1997-01-15T00:00:00Z,45.0,-1.96
1997-02-15T00:00:00Z,33.0,1.207
1997-02-15T00:00:00Z,39.0,15.522
1997-02-15T00:00:00Z,45.0,1.86
1997-03-15T00:00:00Z,33.0,0.331
1997-03-15T00:00:00Z,39.0,16.252
1997-03-15T00:00:00Z,45.0,-4.037
1997-04-15T00:00:00Z,33.0,0.343
1997-04-15T00:00:00Z,39.0,23.427
1997-04-15T00:00:00Z,45.0,1.749
1997-05-15T00:00:00Z,33.0,0.024
1997-05-15T00:00:00Z,39.0,3.597
1997-05-15T00:00:00Z,45.0,0.201
1997-06-15T00:00:00Z,33.0,0.012
1997-06-15T00:00:00Z,39.0,13.117
1997-06-15T00:00:00Z,45.0,0.053
1997-07-15T00:00:00Z,33.0,0.006
1997-07-15T00:00:00Z,39.0,9.588
1997-07-15T00:00:00Z,45.0,0.282
1997-08-15T00:00:00Z,33.0,0.002
1997-08-15T00:00:00Z,39.0,2.172
1997-08-15T00:00:00Z,45.0,0.254
1997-09-15T00:00:00Z,33.0,0.001
1997-09-15T00:00:00Z,39.0,0.185
1997-09-15T00:00:00Z,45.0,0.0
1997-10-15T00:00:00Z,33.0,0.003
1997-10-15T00:00:00Z,39.0,1.638
1997-10-15T00:00:00Z,45.0,-0.009
1997-11-15T00:00:00Z,33.0,0.001
1997-11-15T00:00:00Z,39.0,0.001
1997-11-15T00:00:00Z,45.0,-0.063
1997-12-15T00:00:00Z,33.0,0.011
1997-12-15T00:00:00Z,39.0,0.414
1997-12-15T00:00:00Z,45.0,-0.036
1998-01-15T00:00:00Z,33.0,0.013
1998-01-15T00:00:00Z,39.0,-1.915
1998-01-15T00:00:00Z,45.0,-1.806
1998-02-15T00:00:00Z,33.0,0.347
1998-02-15T00:00:00Z,39.0,0.463
1998-02-15T00:00:00Z,45.0,-2.445
1998-03-15T00:00:00Z,33.0,0.252
1998-03-15T00:00:00Z,39.0,7.275
1998-03-15T00:00:00Z,45.0,0.206
1998-04-15T00:00:00Z,33.0,0.474
1998-04-15T00:00:00Z,39.0,13.526
1998-04-15T00:00:00Z,45.0,0.972
1998-05-15T00:00:00Z,33.0,0.157
1998-05-15T00:00:00Z,39.0,5.483
1998-05-15T00:00:00Z,45.0,0.933
1998-06-15T00:00:00Z,33.0,0.033
1998-06-15T00:00:00Z,39.0,12.388
1998-06-15T00:00:00Z,45.0,0.73
1998-07-15T00:00:00Z,33.0,0.014
1998-07-15T00:00:00Z,39.0,12.661
1998-07-15T00:00:00Z,45.0,0.317
1998-08-15T00:00:00Z,33.0,0.003
1998-08-15T00:00:00Z,39.0,9.411
1998-08-15T00:00:00Z,45.0,0.989
1998-09-15T00:00:00Z,33.0,0.002
1998-09-15T00:00:00Z,39.0,4.257
1998-09-15T00:00:00Z,45.0,0.611
1998-10-15T00:00:00Z,33.0,0.014
1998-10-15T00:00:00Z,39.0,5.01
1998-10-15T00:00:00Z,45.0,0.027
1998-11-15T00:00:00Z,33.0,0.098
1998-11-15T00:00:00Z,39.0,0.784
1998-11-15T00:00:00Z,45.0,-1.347
1998-12-15T00:00:00Z,33.0,0.641
1998-12-15T00:00:00Z,39.0,12.337
1998-12-15T00:00:00Z,45.0,-1.204
1999-01-15T00:00:00Z,33.0,0.597
1999-01-15T00:00:00Z,39.0,7.52
1999-01-15T00:00:00Z,45.0,-4.935
1999-02-15T00:00:00Z,33.0,2.234
1999-02-15T00:00:00Z,39.0,1.289
1999-02-15T00:00:00Z,45.0,-22.082
1999-03-15T00:00:00Z,33.0,1.742
1999-03-15T00:00:00Z,39.0,8.838
1999-03-15T00:00:00Z,45.0,-7.916
1999-04-15T00:00:00Z,33.0,2.963
1999-04-15T00:00:00Z,39.0,47.667
1999-04-15T00:00:00Z,45.0,9.036
1999-05-15T00:00:00Z,33.0,0.593
1999-05-15T00:00:00Z,39.0,47.661
1999-05-15T00:00:00Z,45.0,4.199
1999-06-15T00:00:00Z,33.0,0.374
1999-06-15T00:00:00Z,39.0,34.132
1999-06-15T00:00:00Z,45.0,1.005
1999-07-15T00:00:00Z,33.0,0.045
1999-07-15T00:00:00Z,39.0,17.461
1999-07-15T00:00:00Z,45.0,0.617
1999-08-15T00:00:00Z,33.0,0.029
1999-08-15T00:00:00Z,39.0,4.53
1999-08-15T00:00:00Z,45.0,0.242
1999-09-15T00:00:00Z,33.0,0.008
1999-09-15T00:00:00Z,39.0,8.033
1999-09-15T00:00:00Z,45.0,1.58
1999-10-15T00:00:00Z,33.0,0.011
1999-10-15T00:00:00Z,39.0,5.147
1999-10-15T00:00:00Z,45.0,0.488
1999-11-15T00:00:00Z,33.0,0.126
1999-11-15T00:00:00Z,39.0,-0.527
1999-11-15T00:00:00Z,45.0,-2.655
1999-12-15T00:00:00Z,33.0,0.642
1999-12-15T00:00:00Z,39.0,11.529
1999-12-15T00:00:00Z,45.0,0.301
2000-01-15T00:00:00Z,33.0,1.18
2000-01-15T00:00:00Z,39.0,1.528
2000-01-15T00:00:00Z,45.0,-3.466
2000-02-15T00:00:00Z,33.0,0.836
2000-02-15T00:00:00Z,39.0,-1.583
2000-02-15T00:00:00Z,45.0,-3.53
2000-03-15T00:00:00Z,33.0,1.859
2000-03-15T00:00:00Z,39.0,27.973
2000-03-15T00:00:00Z,45.0,1.511
2000-04-15T00:00:00Z,33.0,0.563
2000-04-15T00:00:00Z,39.0,9.752
2000-04-15T00:00:00Z,45.0,2.633
2000-05-15T00:00:00Z,33.0,0.248
2000-05-15T00:00:00Z,39.0,16.397
2000-05-15T00:00:00Z,45.0,0.741
2000-06-15T00:00:00Z,33.0,0.012
2000-06-15T00:00:00Z,39.0,13.302
2000-06-15T00:00:00Z,45.0,0.941
2000-07-15T00:00:00Z,33.0,0.007
2000-07-15T00:00:00Z,39.0,17.572
2000-07-15T00:00:00Z,45.0,1.196
2000-08-15T00:00:00Z,33.0,0.004
2000-08-15T00:00:00Z,39.0,10.495
2000-08-15T00:00:00Z,45.0,1.888
2000-09-15T00:00:00Z,33.0,0.003
2000-09-15T00:00:00Z,39.0,4.136
2000-09-15T00:00:00Z,45.0,0.196
2000-10-15T00:00:00Z,33.0,0.01
2000-10-15T00:00:00Z,39.0,6.293
2000-10-15T00:00:00Z,45.0,0.009
2000-11-15T00:00:00Z,33.0,0.349
2000-11-15T00:00:00Z,39.0,6.209
2000-11-15T00:00:00Z,45.0,0.778
2000-12-15T00:00:00Z,33.0,0.553
2000-12-15T00:00:00Z,39.0,3.499
2000-12-15T00:00:00Z,45.0,-3.765
2001-01-15T00:00:00Z,33.0,0.679
2001-01-15T00:00:00Z,39.0,4.392
2001-01-15T00:00:00Z,45.0,-6.389
2001-02-15T00:00:00Z,33.0,2.275
2001-02-15T00:00:00Z,39.0,5.834
2001-02-15T00:00:00Z,45.0,2.365
2001-03-15T00:00:00Z,33.0,1.361
2001-03-15T00:00:00Z,39.0,20.602
2001-03-15T00:00:00Z,45.0,7.201
2001-04-15T00:00:00Z,33.0,3.503
2001-04-15T00:00:00Z,39.0,25.426
2001-04-15T00:00:00Z,45.0,1.333
2001-05-15T00:00:00Z,33.0,0.013
2001-05-15T00:00:00Z,39.0,35.774
2001-05-15T00:00:00Z,45.0,5.048
2001-06-15T00:00:00Z,33.0,0.112
2001-06-15T00:00:00Z,39.0,32.484
2001-06-15T00:00:00Z,45.0,1.273
2001-07-15T00:00:00Z,33.0,0.169
2001-07-15T00:00:00Z,39.0,21.196
2001-07-15T00:00:00Z,45.0,2.678
2001-08-15T00:00:00Z,33.0,0.067
2001-08-15T00:00:00Z,39.0,9.63
2001-08-15T00:00:00Z,45.0,0.21
2001-09-15T00:00:00Z,33.0,0.036
2001-09-15T00:00:00Z,39.0,6.161
2001-09-15T00:00:00Z,45.0,1.135
2001-10-15T00:00:00Z,33.0,0.013
2001-10-15T00:00:00Z,39.0,9.323
2001-10-15T00:00:00Z,45.0,0.272
2001-11-15T00:00:00Z,33.0,0.076
2001-11-15T00:00:00Z,39.0,0.97
2001-11-15T00:00:00Z,45.0,-3.304
2001-12-15T00:00:00Z,33.0,1.302
2001-12-15T00:00:00Z,39.0,4.675
2001-12-15T00:00:00Z,45.0,-2.247
2002-01-15T00:00:00Z,33.0,1.448
2002-01-15T00:00:00Z,39.0,12.807
2002-01-15T00:00:00Z,45.0,-2.613
2002-02-15T00:00:00Z,33.0,1.666
2002-02-15T00:00:00Z,39.0,4.81
2002-02-15T00:00:00Z,45.0,1.159
2002-03-15T00:00:00Z,33.0,4.543
2002-03-15T00:00:00Z,39.0,18.625
2002-03-15T00:00:00Z,45.0,3.336
2002-04-15T00:00:00Z,33.0,2.233
2002-04-15T00:00:00Z,39.0,25.684
2002-04-15T00:00:00Z,45.0,9.225
2002-05-15T00:00:00Z,33.0,1.554
2002-05-15T00:00:00Z,39.0,35.645
2002-05-15T00:00:00Z,45.0,5.094
2002-06-15T00:00:00Z,33.0,0.338
2002-06-15T00:00:00Z,39.0,50.279
2002-06-15T00:00:00Z,45.0,1.324
2002-07-15T00:00:00Z,33.0,0.111
2002-07-15T00:00:00Z,39.0,17.338
2002-07-15T00:00:00Z,45.0,2.078
2002-08-15T00:00:00Z,33.0,0.036
2002-08-15T00:00:00Z,39.0,17.016
2002-08-15T00:00:00Z,45.0,2.656
2002-09-15T00:00:00Z,33.0,0.011
2002-09-15T00:00:00Z,39.0,5.542
2002-09-15T00:00:00Z,45.0,1.375
2002-10-15T00:00:00Z,33.0,0.025
2002-10-15T00:00:00Z,39.0,10.907
2002-10-15T00:00:00Z,45.0,2.805
2002-11-15T00:00:00Z,33.0,0.082
2002-11-15T00:00:00Z,39.0,-1.168
2002-11-15T00:00:00Z,45.0,-6.708
2002-12-15T00:00:00Z,33.0,0.242
2002-12-15T00:00:00Z,39.0,-3.741
2002-12-15T00:00:00Z,45.0,-3.578
2003-01-15T00:00:00Z,33.0,0.27
2003-01-15T00:00:00Z,39.0,-0.322
2003-01-15T00:00:00Z,45.0,-2.239
2003-02-15T00:00:00Z,33.0,0.364
2003-02-15T00:00:00Z,39.0,6.145
2003-02-15T00:00:00Z,45.0,0.661
2003-03-15T00:00:00Z,33.0,1.844
2003-03-15T00:00:00Z,39.0,8.352
2003-03-15T00:00:00Z,45.0,-3.281
2003-04-15T00:00:00Z,33.0,2.431
2003-04-15T00:00:00Z,39.0,8.566
2003-04-15T00:00:00Z,45.0,-1.773
2003-05-15T00:00:00Z,33.0,1.24
2003-05-15T00:00:00Z,39.0,28.824
2003-05-15T00:00:00Z,45.0,1.385
2003-06-15T00:00:00Z,33.0,0.673
2003-06-15T00:00:00Z,39.0,32.966
2003-06-15T00:00:00Z,45.0,2.148
2003-07-15T00:00:00Z,33.0,0.15
2003-07-15T00:00:00Z,39.0,24.147
2003-07-15T00:00:00Z,45.0,2.133
2003-08-15T00:00:00Z,33.0,0.05
2003-08-15T00:00:00Z,39.0,3.365
2003-08-15T00:00:00Z,45.0,0.758
2003-09-15T00:00:00Z,33.0,0.015
2003-09-15T00:00:00Z,39.0,3.004
2003-09-15T00:00:00Z,45.0,1.34
2003-10-15T00:00:00Z,33.0,0.024
2003-10-15T00:00:00Z,39.0,7.212
2003-10-15T00:00:00Z,45.0,-0.363
2003-11-15T00:00:00Z,33.0,0.097
2003-11-15T00:00:00Z,39.0,0.291
2003-11-15T00:00:00Z,45.0,-0.252
2003-12-15T00:00:00Z,33.0,0.305
2003-12-15T00:00:00Z,39.0,-2.752
2003-12-15T00:00:00Z,45.0,-1.452
2004-01-15T00:00:00Z,33.0,0.952
2004-01-15T00:00:00Z,39.0,2.505
2004-01-15T00:00:00Z,45.0,-2.698
2004-02-15T00:00:00Z,33.0,1.807
2004-02-15T00:00:00Z,39.0,0.99
2004-02-15T00:00:00Z,45.0,-2.219
2004-03-15T00:00:00Z,33.0,1.441
2004-03-15T00:00:00Z,39.0,19.905
2004-03-15T00:00:00Z,45.0,2.348
2004-04-15T00:00:00Z,33.0,0.729
2004-04-15T00:00:00Z,39.0,12.705
2004-04-15T00:00:00Z,45.0,0.962
2004-05-15T00:00:00Z,33.0,0.37
2004-05-15T00:00:00Z,39.0,15.662
2004-05-15T00:00:00Z,45.0,0.413
2004-06-15T00:00:00Z,33.0,0.249
2004-06-15T00:00:00Z,39.0,19.932
2004-06-15T00:00:00Z,45.0,0.524
2004-07-15T00:00:00Z,33.0,0.062
2004-07-15T00:00:00Z,39.0,6.035
2004-07-15T00:00:00Z,45.0,0.803
2004-08-15T00:00:00Z,33.0,0.044
2004-08-15T00:00:00Z,39.0,3.154
2004-08-15T00:00:00Z,45.0,0.548
2004-09-15T00:00:00Z,33.0,0.008
2004-09-15T00:00:00Z,39.0,8.163
2004-09-15T00:00:00Z,45.0,0.232
2004-10-15T00:00:00Z,33.0,0.005
2004-10-15T00:00:00Z,39.0,2.511
2004-10-15T00:00:00Z,45.0,-0.038
2004-11-15T00:00:00Z,33.0,0.058
2004-11-15T00:00:00Z,39.0,9.429
2004-11-15T00:00:00Z,45.0,2.064
2004-12-15T00:00:00Z,33.0,0.079
2004-12-15T00:00:00Z,39.0,2.098
2004-12-15T00:00:00Z,45.0,-1.408
2005-01-15T00:00:00Z,33.0,0.219
2005-01-15T00:00:00Z,39.0,-3.713
2005-01-15T00:00:00Z,45.0,-3.96
2005-02-15T00:00:00Z,33.0,0.14
2005-02-15T00:00:00Z,39.0,-0.148
2005-02-15T00:00:00Z,45.0,1.764
2005-03-15T00:00:00Z,33.0,0.461
2005-03-15T00:00:00Z,39.0,3.883
2005-03-15T00:00:00Z,45.0,-1.503
2005-04-15T00:00:00Z,33.0,2.305
2005-04-15T00:00:00Z,39.0,14.673
2005-04-15T00:00:00Z,45.0,0.623
2005-05-15T00:00:00Z,33.0,0.353
2005-05-15T00:00:00Z,39.0,6.595
2005-05-15T00:00:00Z,45.0,-0.182
2005-06-15T00:00:00Z,33.0,0.357
2005-06-15T00:00:00Z,39.0,22.635
2005-06-15T00:00:00Z,45.0,0.108
2005-07-15T00:00:00Z,33.0,0.152
2005-07-15T00:00:00Z,39.0,17.63
2005-07-15T00:00:00Z,45.0,1.121
2005-08-15T00:00:00Z,33.0,0.014
2005-08-15T00:00:00Z,39.0,14.45
2005-08-15T00:00:00Z,45.0,1.52
2005-09-15T00:00:00Z,33.0,0.013
2005-09-15T00:00:00Z,39.0,13.905
2005-09-15T00:00:00Z,45.0,1.985
2005-10-15T00:00:00Z,33.0,0.043
2005-10-15T00:00:00Z,39.0,5.216
2005-10-15T00:00:00Z,45.0,-0.356
2005-11-15T00:00:00Z,33.0,0.217
2005-11-15T00:00:00Z,39.0,4.768
2005-11-15T00:00:00Z,45.0,0.055
2005-12-15T00:00:00Z,33.0,0.659
2005-12-15T00:00:00Z,39.0,0.62
2005-12-15T00:00:00Z,45.0,-4.977
2006-01-15T00:00:00Z,33.0,1.138
2006-01-15T00:00:00Z,39.0,0.436
2006-01-15T00:00:00Z,45.0,-1.918
2006-02-15T00:00:00Z,33.0,0.86
2006-02-15T00:00:00Z,39.0,7.256
2006-02-15T00:00:00Z,45.0,0.474
2006-03-15T00:00:00Z,33.0,3.719
2006-03-15T00:00:00Z,39.0,3.812
2006-03-15T00:00:00Z,45.0,-6.512
2006-04-15T00:00:00Z,33.0,0.582
2006-04-15T00:00:00Z,39.0,16.844
2006-04-15T00:00:00Z,45.0,2.45
2006-05-15T00:00:00Z,33.0,0.559
2006-05-15T00:00:00Z,39.0,26.808
2006-05-15T00:00:00Z,45.0,5.747
2006-06-15T00:00:00Z,33.0,0.124
2006-06-15T00:00:00Z,39.0,20.094
2006-06-15T00:00:00Z,45.0,1.689
2006-07-15T00:00:00Z,33.0,0.022
2006-07-15T00:00:00Z,39.0,17.093
2006-07-15T00:00:00Z,45.0,1.528
2006-08-15T00:00:00Z,33.0,0.005
2006-08-15T00:00:00Z,39.0,17.761
2006-08-15T00:00:00Z,45.0,3.156
2006-09-15T00:00:00Z,33.0,0.017
2006-09-15T00:00:00Z,39.0,15.677
2006-09-15T00:00:00Z,45.0,0.732
2006-10-15T00:00:00Z,33.0,0.014
2006-10-15T00:00:00Z,39.0,2.139
2006-10-15T00:00:00Z,45.0,1.135
2006-11-15T00:00:00Z,33.0,0.027
2006-11-15T00:00:00Z,39.0,0.677
2006-11-15T00:00:00Z,45.0,-2.379
2006-12-15T00:00:00Z,33.0,0.35
2006-12-15T00:00:00Z,39.0,2.333
2006-12-15T00:00:00Z,45.0,-3.938
2007-01-15T00:00:00Z,33.0,1.087
2007-01-15T00:00:00Z,39.0,13.363
2007-01-15T00:00:00Z,45.0,1.017
2007-02-15T00:00:00Z,33.0,1.623
2007-02-15T00:00:00Z,39.0,14.716
2007-02-15T00:00:00Z,45.0,-2.552
2007-03-15T00:00:00Z,33.0,2.325
2007-03-15T00:00:00Z,39.0,26.715
2007-03-15T00:00:00Z,45.0,0.736
2007-04-15T00:00:00Z,33.0,3.275
2007-04-15T00:00:00Z,39.0,25.383
2007-04-15T00:00:00Z,45.0,0.717
2007-05-15T00:00:00Z,33.0,1.435
2007-05-15T00:00:00Z,39.0,34.307
2007-05-15T00:00:00Z,45.0,7.923
2007-06-15T00:00:00Z,33.0,0.457
2007-06-15T00:00:00Z,39.0,33.5
2007-06-15T00:00:00Z,45.0,0.472
2007-07-15T00:00:00Z,33.0,0.042
2007-07-15T00:00:00Z,39.0,12.17
2007-07-15T00:00:00Z,45.0,0.372
2007-08-15T00:00:00Z,33.0,0.013
2007-08-15T00:00:00Z,39.0,6.951
2007-08-15T00:00:00Z,45.0,0.327
2007-09-15T00:00:00Z,33.0,0.025
2007-09-15T00:00:00Z,39.0,8.099
2007-09-15T00:00:00Z,45.0,0.884
2007-10-15T00:00:00Z,33.0,0.068
2007-10-15T00:00:00Z,39.0,4.365
2007-10-15T00:00:00Z,45.0,0.262
2007-11-15T00:00:00Z,33.0,0.101
2007-11-15T00:00:00Z,39.0,9.757
2007-11-15T00:00:00Z,45.0,0.562
2007-12-15T00:00:00Z,33.0,1.995
2007-12-15T00:00:00Z,39.0,6.841
2007-12-15T00:00:00Z,45.0,-10.553
2008-01-15T00:00:00Z,33.0,0.95
2008-01-15T00:00:00Z,39.0,0.173
2008-01-15T00:00:00Z,45.0,-5.914
2008-02-15T00:00:00Z,33.0,2.579
2008-02-15T00:00:00Z,39.0,15.419
2008-02-15T00:00:00Z,45.0,-1.289
2008-03-15T00:00:00Z,33.0,3.871
2008-03-15T00:00:00Z,39.0,26.171
2008-03-15T00:00:00Z,45.0,0.956
2008-04-15T00:00:00Z,33.0,3.223
2008-04-15T00:00:00Z,39.0,22.793
2008-04-15T00:00:00Z,45.0,5.266
2008-05-15T00:00:00Z,33.0,1.344
2008-05-15T00:00:00Z,39.0,40.162
2008-05-15T00:00:00Z,45.0,10.097
2008-06-15T00:00:00Z,33.0,0.428
2008-06-15T00:00:00Z,39.0,39.454
2008-06-15T00:00:00Z,45.0,4.376
2008-07-15T00:00:00Z,33.0,0.066
2008-07-15T00:00:00Z,39.0,13.561
2008-07-15T00:00:00Z,45.0,5.031
2008-08-15T00:00:00Z,33.0,0.01
2008-08-15T00:00:00Z,39.0,15.841
2008-08-15T00:00:00Z,45.0,0.815
2008-09-15T00:00:00Z,33.0,0.012
2008-09-15T00:00:00Z,39.0,4.644
2008-09-15T00:00:00Z,45.0,2.087
2008-10-15T00:00:00Z,33.0,0.023
2008-10-15T00:00:00Z,39.0,8.455
2008-10-15T00:00:00Z,45.0,-0.438
2008-11-15T00:00:00Z,33.0,0.052
2008-11-15T00:00:00Z,39.0,1.164
2008-11-15T00:00:00Z,45.0,-1.025
2008-12-15T00:00:00Z,33.0,0.269
2008-12-15T00:00:00Z,39.0,6.34
2008-12-15T00:00:00Z,45.0,-0.92
2009-01-15T00:00:00Z,33.0,-0.171
2009-01-15T00:00:00Z,39.0,5.413
2009-01-15T00:00:00Z,45.0,0.529
2009-02-15T00:00:00Z,33.0,1.209
2009-02-15T00:00:00Z,39.0,-1.243
2009-02-15T00:00:00Z,45.0,0.501
2009-03-15T00:00:00Z,33.0,1.365
2009-03-15T00:00:00Z,39.0,26.478
2009-03-15T00:00:00Z,45.0,1.458
2009-04-15T00:00:00Z,33.0,1.965
2009-04-15T00:00:00Z,39.0,27.489
2009-04-15T00:00:00Z,45.0,5.814
2009-05-15T00:00:00Z,33.0,0.755
2009-05-15T00:00:00Z,39.0,26.164
2009-05-15T00:00:00Z,45.0,4.815
2009-06-15T00:00:00Z,33.0,0.379
2009-06-15T00:00:00Z,39.0,15.854
2009-06-15T00:00:00Z,45.0,2.868
2009-07-15T00:00:00Z,33.0,0.025
2009-07-15T00:00:00Z,39.0,13.123
2009-07-15T00:00:00Z,45.0,4.598
2009-08-15T00:00:00Z,33.0,0.02
2009-08-15T00:00:00Z,39.0,5.684
2009-08-15T00:00:00Z,45.0,1.492
2009-09-15T00:00:00Z,33.0,0.018
2009-09-15T00:00:00Z,39.0,3.422
2009-09-15T00:00:00Z,45.0,-0.021
2009-10-15T00:00:00Z,33.0,0.017
2009-10-15T00:00:00Z,39.0,9.848
2009-10-15T00:00:00Z,45.0,0.008
2009-11-15T00:00:00Z,33.0,0.076
2009-11-15T00:00:00Z,39.0,7.944
2009-11-15T00:00:00Z,45.0,-1.8
2009-12-15T00:00:00Z,33.0,0.237
2009-12-15T00:00:00Z,39.0,-1.357
2009-12-15T00:00:00Z,45.0,-4.174
2010-01-15T00:00:00Z,33.0,0.262
2010-01-15T00:00:00Z,39.0,-2.49
2010-01-15T00:00:00Z,45.0,-9.561
2010-02-15T00:00:00Z,33.0,0.385
2010-02-15T00:00:00Z,39.0,0.826
2010-02-15T00:00:00Z,45.0,-1.632
2010-03-15T00:00:00Z,33.0,1.225
2010-03-15T00:00:00Z,39.0,8.798
2010-03-15T00:00:00Z,45.0,-1.151
2010-04-15T00:00:00Z,33.0,1.925
2010-04-15T00:00:00Z,39.0,20.924
2010-04-15T00:00:00Z,45.0,0.72
2010-05-15T00:00:00Z,33.0,1.769
2010-05-15T00:00:00Z,39.0,18.487
2010-05-15T00:00:00Z,45.0,1.197
2010-06-15T00:00:00Z,33.0,2.112
2010-06-15T00:00:00Z,39.0,31.701
2010-06-15T00:00:00Z,45.0,0.482
2010-07-15T00:00:00Z,33.0,0.592
2010-07-15T00:00:00Z,39.0,26.393
2010-07-15T00:00:00Z,45.0,6.774
2010-08-15T00:00:00Z,33.0,0.119
2010-08-15T00:00:00Z,39.0,18.372
2010-08-15T00:00:00Z,45.0,2.789
2010-09-15T00:00:00Z,33.0,0.091
2010-09-15T00:00:00Z,39.0,5.376
2010-09-15T00:00:00Z,45.0,-0.018
2010-10-15T00:00:00Z,33.0,0.046
2010-10-15T00:00:00Z,39.0,4.444
2010-10-15T00:00:00Z,45.0,-0.035
2010-11-15T00:00:00Z,33.0,0.575
2010-11-15T00:00:00Z,39.0,6.146
2010-11-15T00:00:00Z,45.0,-0.99
2010-12-15T00:00:00Z,33.0,0.76
2010-12-15T00:00:00Z,39.0,-3.95
2010-12-15T00:00:00Z,45.0,-9.392
2011-01-15T00:00:00Z,33.0,-0.425
2011-01-15T00:00:00Z,39.0,5.237
2011-01-15T00:00:00Z,45.0,0.121
2011-02-15T00:00:00Z,33.0,0.872
2011-02-15T00:00:00Z,39.0,7.107
2011-02-15T00:00:00Z,45.0,1.85
2011-03-15T00:00:00Z,33.0,1.945
2011-03-15T00:00:00Z,39.0,-1.285
2011-03-15T00:00:00Z,45.0,-8.544
2011-04-15T00:00:00Z,33.0,1.254
2011-04-15T00:00:00Z,39.0,16.158
2011-04-15T00:00:00Z,45.0,3.24
2011-05-15T00:00:00Z,33.0,1.377
2011-05-15T00:00:00Z,39.0,24.877
2011-05-15T00:00:00Z,45.0,0.8
2011-06-15T00:00:00Z,33.0,0.572
2011-06-15T00:00:00Z,39.0,26.033
2011-06-15T00:00:00Z,45.0,0.993
2011-07-15T00:00:00Z,33.0,0.086
2011-07-15T00:00:00Z,39.0,18.616
2011-07-15T00:00:00Z,45.0,2.693
2011-08-15T00:00:00Z,33.0,0.048
2011-08-15T00:00:00Z,39.0,12.855
2011-08-15T00:00:00Z,45.0,2.12
2011-09-15T00:00:00Z,33.0,0.032
2011-09-15T00:00:00Z,39.0,4.337
2011-09-15T00:00:00Z,45.0,0.553
2011-10-15T00:00:00Z,33.0,0.071
2011-10-15T00:00:00Z,39.0,3.399
2011-10-15T00:00:00Z,45.0,0.011
2011-11-15T00:00:00Z,33.0,0.101
2011-11-15T00:00:00Z,39.0,3.759
2011-11-15T00:00:00Z,45.0,-1.497
2011-12-15T00:00:00Z,33.0,0.41
2011-12-15T00:00:00Z,39.0,11.095
2011-12-15T00:00:00Z,45.0,3.266
2012-01-15T00:00:00Z,33.0,0.956
2012-01-15T00:00:00Z,39.0,2.599
2012-01-15T00:00:00Z,45.0,-10.551
2012-02-15T00:00:00Z,33.0,2.282
2012-02-15T00:00:00Z,39.0,20.855
2012-02-15T00:00:00Z,45.0,0.562
2012-03-15T00:00:00Z,33.0,3.29
2012-03-15T00:00:00Z,39.0,-0.643
2012-03-15T00:00:00Z,45.0,-14.831
2012-04-15T00:00:00Z,33.0,2.121
2012-04-15T00:00:00Z,39.0,9.997
2012-04-15T00:00:00Z,45.0,-3.867
2012-05-15T00:00:00Z,33.0,1.425
2012-05-15T00:00:00Z,39.0,32.041
2012-05-15T00:00:00Z,45.0,4.752
2012-06-15T00:00:00Z,33.0,0.699
2012-06-15T00:00:00Z,39.0,29.181
2012-06-15T00:00:00Z,45.0,0.762
2012-07-15T00:00:00Z,33.0,0.099
2012-07-15T00:00:00Z,39.0,17.74
2012-07-15T00:00:00Z,45.0,2.482
2012-08-15T00:00:00Z,33.0,0.007
2012-08-15T00:00:00Z,39.0,8.836
2012-08-15T00:00:00Z,45.0,2.375
2012-09-15T00:00:00Z,33.0,0.007
2012-09-15T00:00:00Z,39.0,5.24
2012-09-15T00:00:00Z,45.0,2.184
2012-10-15T00:00:00Z,33.0,0.007
2012-10-15T00:00:00Z,39.0,1.631
2012-10-15T00:00:00Z,45.0,0.124
2012-11-15T00:00:00Z,33.0,0.035
2012-11-15T00:00:00Z,39.0,-0.22
2012-11-15T00:00:00Z,45.0,-1.172
2012-12-15T00:00:00Z,33.0,0.279
2012-12-15T00:00:00Z,39.0,1.887
2012-12-15T00:00:00Z,45.0,-1.014
2013-01-15T00:00:00Z,33.0,2.054
2013-01-15T00:00:00Z,39.0,7.699
2013-01-15T00:00:00Z,45.0,-0.335
2013-02-15T00:00:00Z,33.0,2.925
2013-02-15T00:00:00Z,39.0,21.821
2013-02-15T00:00:00Z,45.0,-0.963
2013-03-15T00:00:00Z,33.0,1.966
2013-03-15T00:00:00Z,39.0,17.677
2013-03-15T00:00:00Z,45.0,-1.249
2013-04-15T00:00:00Z,33.0,3.977
2013-04-15T00:00:00Z,39.0,41.843
2013-04-15T00:00:00Z,45.0,1.51
2013-05-15T00:00:00Z,33.0,3.862
2013-05-15T00:00:00Z,39.0,22.949
2013-05-15T00:00:00Z,45.0,1.952
2013-06-15T00:00:00Z,33.0,2.351
2013-06-15T00:00:00Z,39.0,26.28
2013-06-15T00:00:00Z,45.0,1.265
2013-07-15T00:00:00Z,33.0,0.223
2013-07-15T00:00:00Z,39.0,22.459
2013-07-15T00:00:00Z,45.0,3.721
2013-08-15T00:00:00Z,33.0,0.33
2013-08-15T00:00:00Z,39.0,8.687
2013-08-15T00:00:00Z,45.0,1.599
2013-09-15T00:00:00Z,33.0,0.241
2013-09-15T00:00:00Z,39.0,4.653
2013-09-15T00:00:00Z,45.0,0.287
2013-10-15T00:00:00Z,33.0,0.015
2013-10-15T00:00:00Z,39.0,10.806
2013-10-15T00:00:00Z,45.0,0.287
2013-11-15T00:00:00Z,33.0,0.026
2013-11-15T00:00:00Z,39.0,5.993
2013-11-15T00:00:00Z,45.0,-0.212
2013-12-15T00:00:00Z,33.0,0.262
2013-12-15T00:00:00Z,39.0,10.575
2013-12-15T00:00:00Z,45.0,-0.233
2014-01-15T00:00:00Z,33.0,0.128
2014-01-15T00:00:00Z,39.0,0.965
2014-01-15T00:00:00Z,45.0,-3.516
2014-02-15T00:00:00Z,33.0,0.459
2014-02-15T00:00:00Z,39.0,1.423
2014-02-15T00:00:00Z,45.0,-5.451
2014-03-15T00:00:00Z,33.0,0.402
2014-03-15T00:00:00Z,39.0,3.836
2014-03-15T00:00:00Z,45.0,-3.749
2014-04-15T00:00:00Z,33.0,1.524
2014-04-15T00:00:00Z,39.0,10.452
2014-04-15T00:00:00Z,45.0,1.109
2014-05-15T00:00:00Z,33.0,0.694
2014-05-15T00:00:00Z,39.0,22.189
2014-05-15T00:00:00Z,45.0,0.306
2014-06-15T00:00:00Z,33.0,0.206
2014-06-15T00:00:00Z,39.0,34.233
2014-06-15T00:00:00Z,45.0,1.656
2014-07-15T00:00:00Z,33.0,0.098
2014-07-15T00:00:00Z,39.0,7.378
2014-07-15T00:00:00Z,45.0,1.181
2014-08-15T00:00:00Z,33.0,0.006
2014-08-15T00:00:00Z,39.0,11.138
2014-08-15T00:00:00Z,45.0,1.375
2014-09-15T00:00:00Z,33.0,0.003
2014-09-15T00:00:00Z,39.0,3.164
2014-09-15T00:00:00Z,45.0,0.265
2014-10-15T00:00:00Z,33.0,0.001
2014-10-15T00:00:00Z,39.0,0.632
2014-10-15T00:00:00Z,45.0,0.013
2014-11-15T00:00:00Z,33.0,0.003
2014-11-15T00:00:00Z,39.0,0.025
2014-11-15T00:00:00Z,45.0,-0.008
2014-12-15T00:00:00Z,33.0,0.031
2014-12-15T00:00:00Z,39.0,0.356
2014-12-15T00:00:00Z,45.0,-0.262
2015-01-15T00:00:00Z,33.0,0.014
2015-01-15T00:00:00Z,39.0,0.416
2015-01-15T00:00:00Z,45.0,-0.297
2015-02-15T00:00:00Z,33.0,0.033
2015-02-15T00:00:00Z,39.0,1.166
2015-02-15T00:00:00Z,45.0,-0.818
2015-03-15T00:00:00Z,33.0,0.076
2015-03-15T00:00:00Z,39.0,5.11
2015-03-15T00:00:00Z,45.0,-0.031
2015-04-15T00:00:00Z,33.0,0.607
2015-04-15T00:00:00Z,39.0,22.211
2015-04-15T00:00:00Z,45.0,0.779
2015-05-15T00:00:00Z,33.0,1.462
2015-05-15T00:00:00Z,39.0,27.514
2015-05-15T00:00:00Z,45.0,2.608
2015-06-15T00:00:00Z,33.0,0.836
2015-06-15T00:00:00Z,39.0,17.491
2015-06-15T00:00:00Z,45.0,5.254
2015-07-15T00:00:00Z,33.0,0.158
2015-07-15T00:00:00Z,39.0,6.59
2015-07-15T00:00:00Z,45.0,1.792
2015-08-15T00:00:00Z,33.0,0.094
2015-08-15T00:00:00Z,39.0,5.085
2015-08-15T00:00:00Z,45.0,1.775
2015-09-15T00:00:00Z,33.0,0.01
2015-09-15T00:00:00Z,39.0,4.097
2015-09-15T00:00:00Z,45.0,0.512
2015-10-15T00:00:00Z,33.0,0.002
2015-10-15T00:00:00Z,39.0,0.957
2015-10-15T00:00:00Z,45.0,-0.166
2015-11-15T00:00:00Z,33.0,0.008
2015-11-15T00:00:00Z,39.0,1.766
2015-11-15T00:00:00Z,45.0,-0.006
2015-12-15T00:00:00Z,33.0,0.146
2015-12-15T00:00:00Z,39.0,1.275
2015-12-15T00:00:00Z,45.0,-1.42
2016-01-15T00:00:00Z,33.0,0.221
2016-01-15T00:00:00Z,39.0,-5.571
2016-01-15T00:00:00Z,45.0,-3.128
2016-02-15T00:00:00Z,33.0,0.474
2016-02-15T00:00:00Z,39.0,0.759
2016-02-15T00:00:00Z,45.0,-1.985
2016-03-15T00:00:00Z,33.0,0.358
2016-03-15T00:00:00Z,39.0,2.094
2016-03-15T00:00:00Z,45.0,-2.329
2016-04-15T00:00:00Z,33.0,3.244
2016-04-15T00:00:00Z,39.0,13.095
2016-04-15T00:00:00Z,45.0,0.405
2016-05-15T00:00:00Z,33.0,1.205
2016-05-15T00:00:00Z,39.0,19.51
2016-05-15T00:00:00Z,45.0,3.664
2016-06-15T00:00:00Z,33.0,2.24
2016-06-15T00:00:00Z,39.0,19.4
2016-06-15T00:00:00Z,45.0,2.859
2016-07-15T00:00:00Z,33.0,0.805
2016-07-15T00:00:00Z,39.0,20.05
2016-07-15T00:00:00Z,45.0,2.387
2016-08-15T00:00:00Z,33.0,0.112
2016-08-15T00:00:00Z,39.0,8.25
2016-08-15T00:00:00Z,45.0,1.611
2016-09-15T00:00:00Z,33.0,0.038
2016-09-15T00:00:00Z,39.0,10.373
2016-09-15T00:00:00Z,45.0,2.015
2016-10-15T00:00:00Z,33.0,0.026
2016-10-15T00:00:00Z,39.0,1.013
2016-10-15T00:00:00Z,45.0,-0.337
2016-11-15T00:00:00Z,33.0,0.025
2016-11-15T00:00:00Z,39.0,0.007
2016-11-15T00:00:00Z,45.0,0.0
2016-12-15T00:00:00Z,33.0,0.226
2016-12-15T00:00:00Z,39.0,3.118
2016-12-15T00:00:00Z,45.0,-0.126
2017-01-15T00:00:00Z,33.0,0.248
2017-01-15T00:00:00Z,39.0,-0.16
2017-01-15T00:00:00Z,45.0,-3.904
2017-02-15T00:00:00Z,33.0,0.637
2017-02-15T00:00:00Z,39.0,-1.422
2017-02-15T00:00:00Z,45.0,-1.018
2017-03-15T00:00:00Z,33.0,0.98
2017-03-15T00:00:00Z,39.0,3.607
2017-03-15T00:00:00Z,45.0,-4.663
2017-04-15T00:00:00Z,33.0,2.852
2017-04-15T00:00:00Z,39.0,8.559
2017-04-15T00:00:00Z,45.0,-2.735
2017-05-15T00:00:00Z,33.0,3.138
2017-05-15T00:00:00Z,39.0,30.684
2017-05-15T00:00:00Z,45.0,3.911
2017-06-15T00:00:00Z,33.0,3.415
2017-06-15T00:00:00Z,39.0,20.73
2017-06-15T00:00:00Z,45.0,3.119
2017-07-15T00:00:00Z,33.0,0.476
2017-07-15T00:00:00Z,39.0,24.207
2017-07-15T00:00:00Z,45.0,1.975
2017-08-15T00:00:00Z,33.0,0.308
2017-08-15T00:00:00Z,39.0,8.977
2017-08-15T00:00:00Z,45.0,3.799
2017-09-15T00:00:00Z,33.0,0.112
2017-09-15T00:00:00Z,39.0,6.09
2017-09-15T00:00:00Z,45.0,1.486
2017-10-15T00:00:00Z,33.0,0.01
2017-10-15T00:00:00Z,39.0,10.005
2017-10-15T00:00:00Z,45.0,0.583
2017-11-15T00:00:00Z,33.0,0.027
2017-11-15T00:00:00Z,39.0,-0.466
2017-11-15T00:00:00Z,45.0,-1.349
2017-12-15T00:00:00Z,33.0,0.039
2017-12-15T00:00:00Z,39.0,3.236
2017-12-15T00:00:00Z,45.0,-0.187
2018-01-15T00:00:00Z,33.0,0.21
2018-01-15T00:00:00Z,39.0,-0.251
2018-01-15T00:00:00Z,45.0,-3.014
2018-02-15T00:00:00Z,33.0,0.591
2018-02-15T00:00:00Z,39.0,17.288
2018-02-15T00:00:00Z,45.0,1.912
2018-03-15T00:00:00Z,33.0,1.073
2018-03-15T00:00:00Z,39.0,2.576
2018-03-15T00:00:00Z,45.0,-0.974
2018-04-15T00:00:00Z,33.0,2.623
2018-04-15T00:00:00Z,39.0,11.541
2018-04-15T00:00:00Z,45.0,-1.471
2018-05-15T00:00:00Z,33.0,2.701
2018-05-15T00:00:00Z,39.0,29.461
2018-05-15T00:00:00Z,45.0,3.672
2018-06-15T00:00:00Z,33.0,0.911
2018-06-15T00:00:00Z,39.0,33.899
2018-06-15T00:00:00Z,45.0,1.119
2018-07-15T00:00:00Z,33.0,1.104
2018-07-15T00:00:00Z,39.0,17.698
2018-07-15T00:00:00Z,45.0,3.394
2018-08-15T00:00:00Z,33.0,0.08
2018-08-15T00:00:00Z,39.0,15.679
2018-08-15T00:00:00Z,45.0,2.248
2018-09-15T00:00:00Z,33.0,0.009
2018-09-15T00:00:00Z,39.0,13.525
2018-09-15T00:00:00Z,45.0,1.2
2018-10-15T00:00:00Z,33.0,0.008
2018-10-15T00:00:00Z,39.0,4.326
2018-10-15T00:00:00Z,45.0,0.348
2018-11-15T00:00:00Z,33.0,0.008
2018-11-15T00:00:00Z,39.0,5.091
2018-11-15T00:00:00Z,45.0,-0.31
2018-12-15T00:00:00Z,33.0,0.106
2018-12-15T00:00:00Z,39.0,2.228
2018-12-15T00:00:00Z,45.0,-2.896
2019-01-15T00:00:00Z,33.0,0.137
2019-01-15T00:00:00Z,39.0,-4.101
2019-01-15T00:00:00Z,45.0,-1.953
2019-02-15T00:00:00Z,33.0,0.824
2019-02-15T00:00:00Z,39.0,4.299
2019-02-15T00:00:00Z,45.0,0.564
2019-03-15T00:00:00Z,33.0,1.27
2019-03-15T00:00:00Z,39.0,2.753
2019-03-15T00:00:00Z,45.0,-0.124
2019-04-15T00:00:00Z,33.0,1.091
2019-04-15T00:00:00Z,39.0,20.871
2019-04-15T00:00:00Z,45.0,0.378
2019-05-15T00:00:00Z,33.0,1.223
2019-05-15T00:00:00Z,39.0,17.315
2019-05-15T00:00:00Z,45.0,2.811
2019-06-15T00:00:00Z,33.0,0.549
2019-06-15T00:00:00Z,39.0,39.943
2019-06-15T00:00:00Z,45.0,5.887
2019-07-15T00:00:00Z,33.0,0.874
2019-07-15T00:00:00Z,39.0,27.213
2019-07-15T00:00:00Z,45.0,1.81
2019-08-15T00:00:00Z,33.0,0.271
2019-08-15T00:00:00Z,39.0,11.442
2019-08-15T00:00:00Z,45.0,1.34
2019-09-15T00:00:00Z,33.0,0.199
2019-09-15T00:00:00Z,39.0,9.937
2019-09-15T00:00:00Z,45.0,0.233
2019-10-15T00:00:00Z,33.0,0.005
2019-10-15T00:00:00Z,39.0,6.361
2019-10-15T00:00:00Z,45.0,0.289
2019-11-15T00:00:00Z,33.0,0.015
2019-11-15T00:00:00Z,39.0,6.422
2019-11-15T00:00:00Z,45.0,1.233
2019-12-15T00:00:00Z,33.0,0.052
2019-12-15T00:00:00Z,39.0,-2.968
2019-12-15T00:00:00Z,45.0,-3.52
2020-01-15T00:00:00Z,33.0,0.276
2020-01-15T00:00:00Z,39.0,2.827
2020-01-15T00:00:00Z,45.0,-9.548
2020-02-15T00:00:00Z,33.0,0.262
2020-02-15T00:00:00Z,39.0,22.093
2020-02-15T00:00:00Z,45.0,0.719
2020-03-15T00:00:00Z,33.0,0.412
2020-03-15T00:00:00Z,39.0,11.349
2020-03-15T00:00:00Z,45.0,1.31
2020-04-15T00:00:00Z,33.0,0.712
2020-04-15T00:00:00Z,39.0,15.231
2020-04-15T00:00:00Z,45.0,3.272
2020-05-15T00:00:00Z,33.0,1.363
2020-05-15T00:00:00Z,39.0,16.398
2020-05-15T00:00:00Z,45.0,-0.976
2020-06-15T00:00:00Z,33.0,0.815
2020-06-15T00:00:00Z,39.0,27.05
2020-06-15T00:00:00Z,45.0,3.171
2020-07-15T00:00:00Z,33.0,0.196
2020-07-15T00:00:00Z,39.0,21.492
2020-07-15T00:00:00Z,45.0,6.159
2020-08-15T00:00:00Z,33.0,0.344
2020-08-15T00:00:00Z,39.0,16.289
2020-08-15T00:00:00Z,45.0,3.848
2020-09-15T00:00:00Z,33.0,0.019
2020-09-15T00:00:00Z,39.0,4.839
2020-09-15T00:00:00Z,45.0,-1.958
2020-10-15T00:00:00Z,33.0,0.004
2020-10-15T00:00:00Z,39.0,8.4
2020-10-15T00:00:00Z,45.0,0.74
2020-11-15T00:00:00Z,33.0,0.082
2020-11-15T00:00:00Z,39.0,7.688
2020-11-15T00:00:00Z,45.0,-0.81
2020-12-15T00:00:00Z,33.0,0.282
2020-12-15T00:00:00Z,39.0,6.203
2020-12-15T00:00:00Z,45.0,-2.891
2021-01-15T00:00:00Z,33.0,0.73
2021-01-15T00:00:00Z,39.0,3.997
2021-01-15T00:00:00Z,45.0,-4.732
2021-02-15T00:00:00Z,33.0,1.859
2021-02-15T00:00:00Z,39.0,22.337
2021-02-15T00:00:00Z,45.0,-0.721
2021-03-15T00:00:00Z,33.0,2.34
2021-03-15T00:00:00Z,39.0,21.203
2021-03-15T00:00:00Z,45.0,-1.81
2021-04-15T00:00:00Z,33.0,1.615
2021-04-15T00:00:00Z,39.0,37.21
2021-04-15T00:00:00Z,45.0,5.576
2021-05-15T00:00:00Z,33.0,1.961
2021-05-15T00:00:00Z,39.0,57.187
2021-05-15T00:00:00Z,45.0,7.698
