time,latitude,CUTI
UTC,degrees_north,m2 s-1
1988-01-15T00:00:00Z,33.0,0.182
1988-01-15T00:00:00Z,39.0,0.201
1988-01-15T00:00:00Z,45.0,-0.062
1988-02-15T00:00:00Z,33.0,0.16
1988-02-15T00:00:00Z,39.0,0.751
1988-02-15T00:00:00Z,45.0,0.23
1988-03-15T00:00:00Z,33.0,0.328
1988-03-15T00:00:00Z,39.0,1.473
1988-03-15T00:00:00Z,45.0,0.068
1988-04-15T00:00:00Z,33.0,0.279
1988-04-15T00:00:00Z,39.0,0.629
1988-04-15T00:00:00Z,45.0,0.065
1988-05-15T00:00:00Z,33.0,0.627
1988-05-15T00:00:00Z,39.0,1.371
1988-05-15T00:00:00Z,45.0,-0.004
1988-06-15T00:00:00Z,33.0,0.414
1988-06-15T00:00:00Z,39.0,1.663
1988-06-15T00:00:00Z,45.0,0.379
1988-07-15T00:00:00Z,33.0,0.192
1988-07-15T00:00:00Z,39.0,1.351
1988-07-15T00:00:00Z,45.0,0.726
1988-08-15T00:00:00Z,33.0,0.275
1988-08-15T00:00:00Z,39.0,0.976
1988-08-15T00:00:00Z,45.0,0.633
1988-09-15T00:00:00Z,33.0,0.161
1988-09-15T00:00:00Z,39.0,1.058
1988-09-15T00:00:00Z,45.0,0.451
1988-10-15T00:00:00Z,33.0,0.247
1988-10-15T00:00:00Z,39.0,0.525
1988-10-15T00:00:00Z,45.0,0.271
1988-11-15T00:00:00Z,33.0,0.318
1988-11-15T00:00:00Z,39.0,0.434
1988-11-15T00:00:00Z,45.0,-0.378
1988-12-15T00:00:00Z,33.0,0.23
1988-12-15T00:00:00Z,39.0,0.833
1988-12-15T00:00:00Z,45.0,0.204
1989-01-15T00:00:00Z,33.0,0.17
1989-01-15T00:00:00Z,39.0,0.732
1989-01-15T00:00:00Z,45.0,0.076
1989-02-15T00:00:00Z,33.0,0.195
1989-02-15T00:00:00Z,39.0,0.965
1989-02-15T00:00:00Z,45.0,0.004
1989-03-15T00:00:00Z,33.0,0.433
1989-03-15T00:00:00Z,39.0,0.028
1989-03-15T00:00:00Z,45.0,-0.437
1989-04-15T00:00:00Z,33.0,0.258
1989-04-15T00:00:00Z,39.0,0.622
1989-04-15T00:00:00Z,45.0,0.2
1989-05-15T00:00:00Z,33.0,0.548
1989-05-15T00:00:00Z,39.0,1.681
1989-05-15T00:00:00Z,45.0,0.319
1989-06-15T00:00:00Z,33.0,0.279
1989-06-15T00:00:00Z,39.0,1.179
1989-06-15T00:00:00Z,45.0,0.362
1989-07-15T00:00:00Z,33.0,0.223
1989-07-15T00:00:00Z,39.0,2.149
1989-07-15T00:00:00Z,45.0,0.406
1989-08-15T00:00:00Z,33.0,0.285
1989-08-15T00:00:00Z,39.0,1.173
1989-08-15T00:00:00Z,45.0,0.494
1989-09-15T00:00:00Z,33.0,0.426
1989-09-15T00:00:00Z,39.0,0.352
1989-09-15T00:00:00Z,45.0,0.484
1989-10-15T00:00:00Z,33.0,0.317
1989-10-15T00:00:00Z,39.0,0.578
1989-10-15T00:00:00Z,45.0,-0.06
1989-11-15T00:00:00Z,33.0,0.137
1989-11-15T00:00:00Z,39.0,0.733
1989-11-15T00:00:00Z,45.0,0.08
1989-12-15T00:00:00Z,33.0,0.246
1989-12-15T00:00:00Z,39.0,0.665
1989-12-15T00:00:00Z,45.0,0.124
1990-01-15T00:00:00Z,33.0,0.369
1990-01-15T00:00:00Z,39.0,0.619
1990-01-15T00:00:00Z,45.0,-0.429
1990-02-15T00:00:00Z,33.0,0.585
1990-02-15T00:00:00Z,39.0,0.936
1990-02-15T00:00:00Z,45.0,-0.103
1990-03-15T00:00:00Z,33.0,0.391
1990-03-15T00:00:00Z,39.0,1.163
1990-03-15T00:00:00Z,45.0,0.087
1990-04-15T00:00:00Z,33.0,0.311
1990-04-15T00:00:00Z,39.0,1.331
1990-04-15T00:00:00Z,45.0,0.259
1990-05-15T00:00:00Z,33.0,0.447
1990-05-15T00:00:00Z,39.0,1.467
1990-05-15T00:00:00Z,45.0,0.221
1990-06-15T00:00:00Z,33.0,0.388
1990-06-15T00:00:00Z,39.0,1.229
1990-06-15T00:00:00Z,45.0,0.3
1990-07-15T00:00:00Z,33.0,0.279
1990-07-15T00:00:00Z,39.0,0.856
1990-07-15T00:00:00Z,45.0,0.635
1990-08-15T00:00:00Z,33.0,0.357
1990-08-15T00:00:00Z,39.0,0.629
1990-08-15T00:00:00Z,45.0,0.263
1990-09-15T00:00:00Z,33.0,0.311
1990-09-15T00:00:00Z,39.0,0.962
1990-09-15T00:00:00Z,45.0,0.355
1990-10-15T00:00:00Z,33.0,0.171
1990-10-15T00:00:00Z,39.0,1.135
1990-10-15T00:00:00Z,45.0,0.108
1990-11-15T00:00:00Z,33.0,0.52
1990-11-15T00:00:00Z,39.0,1.206
1990-11-15T00:00:00Z,45.0,-0.019
1990-12-15T00:00:00Z,33.0,0.344
1990-12-15T00:00:00Z,39.0,1.102
1990-12-15T00:00:00Z,45.0,0.443
1991-01-15T00:00:00Z,33.0,0.143
1991-01-15T00:00:00Z,39.0,0.29
1991-01-15T00:00:00Z,45.0,-0.035
1991-02-15T00:00:00Z,33.0,0.289
1991-02-15T00:00:00Z,39.0,0.36
1991-02-15T00:00:00Z,45.0,-0.222
1991-03-15T00:00:00Z,33.0,0.477
1991-03-15T00:00:00Z,39.0,0.733
1991-03-15T00:00:00Z,45.0,0.046
1991-04-15T00:00:00Z,33.0,0.622
1991-04-15T00:00:00Z,39.0,1.205
1991-04-15T00:00:00Z,45.0,-0.01
1991-05-15T00:00:00Z,33.0,0.696
1991-05-15T00:00:00Z,39.0,1.911
1991-05-15T00:00:00Z,45.0,0.39
1991-06-15T00:00:00Z,33.0,0.263
1991-06-15T00:00:00Z,39.0,1.409
1991-06-15T00:00:00Z,45.0,0.603
1991-07-15T00:00:00Z,33.0,0.237
1991-07-15T00:00:00Z,39.0,0.979
1991-07-15T00:00:00Z,45.0,0.653
1991-08-15T00:00:00Z,33.0,0.224
1991-08-15T00:00:00Z,39.0,0.895
1991-08-15T00:00:00Z,45.0,0.16
1991-09-15T00:00:00Z,33.0,0.224
1991-09-15T00:00:00Z,39.0,0.755
1991-09-15T00:00:00Z,45.0,0.558
1991-10-15T00:00:00Z,33.0,0.421
1991-10-15T00:00:00Z,39.0,0.746
1991-10-15T00:00:00Z,45.0,0.381
1991-11-15T00:00:00Z,33.0,0.436
1991-11-15T00:00:00Z,39.0,0.987
1991-11-15T00:00:00Z,45.0,-0.199
1991-12-15T00:00:00Z,33.0,0.151
1991-12-15T00:00:00Z,39.0,0.047
1991-12-15T00:00:00Z,45.0,-0.098
1992-01-15T00:00:00Z,33.0,0.11
1992-01-15T00:00:00Z,39.0,0.064
1992-01-15T00:00:00Z,45.0,-0.719
1992-02-15T00:00:00Z,33.0,0.061
1992-02-15T00:00:00Z,39.0,-0.324
1992-02-15T00:00:00Z,45.0,-0.212
1992-03-15T00:00:00Z,33.0,0.205
1992-03-15T00:00:00Z,39.0,0.185
1992-03-15T00:00:00Z,45.0,0.311
1992-04-15T00:00:00Z,33.0,0.459
1992-04-15T00:00:00Z,39.0,0.752
1992-04-15T00:00:00Z,45.0,-0.075
1992-05-15T00:00:00Z,33.0,0.36
1992-05-15T00:00:00Z,39.0,1.269
1992-05-15T00:00:00Z,45.0,0.614
1992-06-15T00:00:00Z,33.0,0.537
1992-06-15T00:00:00Z,39.0,0.832
1992-06-15T00:00:00Z,45.0,0.445
1992-07-15T00:00:00Z,33.0,0.299
1992-07-15T00:00:00Z,39.0,0.932
1992-07-15T00:00:00Z,45.0,0.551
1992-08-15T00:00:00Z,33.0,0.432
1992-08-15T00:00:00Z,39.0,0.78
1992-08-15T00:00:00Z,45.0,0.425
1992-09-15T00:00:00Z,33.0,0.49
1992-09-15T00:00:00Z,39.0,0.899
1992-09-15T00:00:00Z,45.0,0.283
1992-10-15T00:00:00Z,33.0,0.376
1992-10-15T00:00:00Z,39.0,0.473
1992-10-15T00:00:00Z,45.0,0.139
1992-11-15T00:00:00Z,33.0,0.41
1992-11-15T00:00:00Z,39.0,0.468
1992-11-15T00:00:00Z,45.0,-0.073
1992-12-15T00:00:00Z,33.0,0.421
1992-12-15T00:00:00Z,39.0,0.447
1992-12-15T00:00:00Z,45.0,-0.036
1993-01-15T00:00:00Z,33.0,0.144
1993-01-15T00:00:00Z,39.0,-0.055
1993-01-15T00:00:00Z,45.0,-0.035
1993-02-15T00:00:00Z,33.0,0.142
1993-02-15T00:00:00Z,39.0,-0.135
1993-02-15T00:00:00Z,45.0,-0.039
1993-03-15T00:00:00Z,33.0,0.401
1993-03-15T00:00:00Z,39.0,0.334
1993-03-15T00:00:00Z,45.0,-0.259
1993-04-15T00:00:00Z,33.0,0.662
1993-04-15T00:00:00Z,39.0,1.036
1993-04-15T00:00:00Z,45.0,-0.468
1993-05-15T00:00:00Z,33.0,0.505
1993-05-15T00:00:00Z,39.0,0.189
1993-05-15T00:00:00Z,45.0,0.034
1993-06-15T00:00:00Z,33.0,0.356
1993-06-15T00:00:00Z,39.0,1.928
1993-06-15T00:00:00Z,45.0,0.369
1993-07-15T00:00:00Z,33.0,0.147
1993-07-15T00:00:00Z,39.0,1.483
1993-07-15T00:00:00Z,45.0,0.448
1993-08-15T00:00:00Z,33.0,0.284
1993-08-15T00:00:00Z,39.0,1.049
1993-08-15T00:00:00Z,45.0,0.539
1993-09-15T00:00:00Z,33.0,0.305
1993-09-15T00:00:00Z,39.0,1.13
1993-09-15T00:00:00Z,45.0,0.371
1993-10-15T00:00:00Z,33.0,0.165
1993-10-15T00:00:00Z,39.0,0.355
1993-10-15T00:00:00Z,45.0,0.169
1993-11-15T00:00:00Z,33.0,0.204
1993-11-15T00:00:00Z,39.0,0.691
1993-11-15T00:00:00Z,45.0,0.27
1993-12-15T00:00:00Z,33.0,0.359
1993-12-15T00:00:00Z,39.0,0.029
1993-12-15T00:00:00Z,45.0,-0.602
1994-01-15T00:00:00Z,33.0,0.291
1994-01-15T00:00:00Z,39.0,0.259
1994-01-15T00:00:00Z,45.0,-0.237
1994-02-15T00:00:00Z,33.0,0.199
1994-02-15T00:00:00Z,39.0,0.153
1994-02-15T00:00:00Z,45.0,-0.367
1994-03-15T00:00:00Z,33.0,0.35
1994-03-15T00:00:00Z,39.0,0.494
1994-03-15T00:00:00Z,45.0,0.072
1994-04-15T00:00:00Z,33.0,0.558
1994-04-15T00:00:00Z,39.0,1.277
1994-04-15T00:00:00Z,45.0,0.135
1994-05-15T00:00:00Z,33.0,0.348
1994-05-15T00:00:00Z,39.0,1.066
1994-05-15T00:00:00Z,45.0,0.436
1994-06-15T00:00:00Z,33.0,0.277
1994-06-15T00:00:00Z,39.0,1.439
1994-06-15T00:00:00Z,45.0,0.387
1994-07-15T00:00:00Z,33.0,0.236
1994-07-15T00:00:00Z,39.0,0.948
1994-07-15T00:00:00Z,45.0,0.675
1994-08-15T00:00:00Z,33.0,0.25
1994-08-15T00:00:00Z,39.0,0.995
1994-08-15T00:00:00Z,45.0,0.308
1994-09-15T00:00:00Z,33.0,0.38
1994-09-15T00:00:00Z,39.0,0.64
1994-09-15T00:00:00Z,45.0,0.334
1994-10-15T00:00:00Z,33.0,0.302
1994-10-15T00:00:00Z,39.0,1.159
1994-10-15T00:00:00Z,45.0,0.114
1994-11-15T00:00:00Z,33.0,0.494
1994-11-15T00:00:00Z,39.0,0.458
1994-11-15T00:00:00Z,45.0,-0.163
1994-12-15T00:00:00Z,33.0,0.41
1994-12-15T00:00:00Z,39.0,0.068
1994-12-15T00:00:00Z,45.0,-0.731
1995-01-15T00:00:00Z,33.0,0.233
1995-01-15T00:00:00Z,39.0,-1.197
1995-01-15T00:00:00Z,45.0,-0.737
1995-02-15T00:00:00Z,33.0,0.194
1995-02-15T00:00:00Z,39.0,0.3
1995-02-15T00:00:00Z,45.0,-0.169
1995-03-15T00:00:00Z,33.0,0.428
1995-03-15T00:00:00Z,39.0,0.153
1995-03-15T00:00:00Z,45.0,-0.549
1995-04-15T00:00:00Z,33.0,0.654
1995-04-15T00:00:00Z,39.0,1.254
1995-04-15T00:00:00Z,45.0,0.276
1995-05-15T00:00:00Z,33.0,0.321
1995-05-15T00:00:00Z,39.0,1.507
1995-05-15T00:00:00Z,45.0,0.518
1995-06-15T00:00:00Z,33.0,0.257
1995-06-15T00:00:00Z,39.0,1.274
1995-06-15T00:00:00Z,45.0,0.346
1995-07-15T00:00:00Z,33.0,0.258
1995-07-15T00:00:00Z,39.0,0.816
1995-07-15T00:00:00Z,45.0,0.463
1995-08-15T00:00:00Z,33.0,0.255
1995-08-15T00:00:00Z,39.0,1.347
1995-08-15T00:00:00Z,45.0,0.36
1995-09-15T00:00:00Z,33.0,0.396
1995-09-15T00:00:00Z,39.0,0.671
1995-09-15T00:00:00Z,45.0,0.236
1995-10-15T00:00:00Z,33.0,0.137
1995-10-15T00:00:00Z,39.0,0.925
1995-10-15T00:00:00Z,45.0,0.207
1995-11-15T00:00:00Z,33.0,0.298
1995-11-15T00:00:00Z,39.0,0.463
1995-11-15T00:00:00Z,45.0,-0.429
1995-12-15T00:00:00Z,33.0,0.478
1995-12-15T00:00:00Z,39.0,-0.119
1995-12-15T00:00:00Z,45.0,-0.639
1996-01-15T00:00:00Z,33.0,0.46
1996-01-15T00:00:00Z,39.0,0.554
1996-01-15T00:00:00Z,45.0,-0.086
1996-02-15T00:00:00Z,33.0,0.291
1996-02-15T00:00:00Z,39.0,-0.106
1996-02-15T00:00:00Z,45.0,-0.509
1996-03-15T00:00:00Z,33.0,0.387
1996-03-15T00:00:00Z,39.0,0.791
1996-03-15T00:00:00Z,45.0,-0.028
1996-04-15T00:00:00Z,33.0,0.446
1996-04-15T00:00:00Z,39.0,0.581
1996-04-15T00:00:00Z,45.0,-0.48
1996-05-15T00:00:00Z,33.0,0.388
1996-05-15T00:00:00Z,39.0,1.841
1996-05-15T00:00:00Z,45.0,0.429
1996-06-15T00:00:00Z,33.0,0.347
1996-06-15T00:00:00Z,39.0,2.06
1996-06-15T00:00:00Z,45.0,0.551
1996-07-15T00:00:00Z,33.0,0.195
1996-07-15T00:00:00Z,39.0,1.149
1996-07-15T00:00:00Z,45.0,0.623
1996-08-15T00:00:00Z,33.0,0.231
1996-08-15T00:00:00Z,39.0,1.315
1996-08-15T00:00:00Z,45.0,0.395
1996-09-15T00:00:00Z,33.0,0.229
1996-09-15T00:00:00Z,39.0,0.693
1996-09-15T00:00:00Z,45.0,0.267
1996-10-15T00:00:00Z,33.0,0.399
1996-10-15T00:00:00Z,39.0,0.814
1996-10-15T00:00:00Z,45.0,0.134
1996-11-15T00:00:00Z,33.0,0.352
1996-11-15T00:00:00Z,39.0,0.654
1996-11-15T00:00:00Z,45.0,0.097
1996-12-15T00:00:00Z,33.0,0.139
1996-12-15T00:00:00Z,39.0,-0.353
1996-12-15T00:00:00Z,45.0,-0.591
1997-01-15T00:00:00Z,33.0,0.299
1997-01-15T00:00:00Z,39.0,0.197
1997-01-15T00:00:00Z,45.0,-0.194
1997-02-15T00:00:00Z,33.0,0.637
1997-02-15T00:00:00Z,39.0,1.277
1997-02-15T00:00:00Z,45.0,0.185
1997-03-15T00:00:00Z,33.0,0.245
1997-03-15T00:00:00Z,39.0,1.101
1997-03-15T00:00:00Z,45.0,-0.285
1997-04-15T00:00:00Z,33.0,0.593
1997-04-15T00:00:00Z,39.0,1.624
1997-04-15T00:00:00Z,45.0,0.119
1997-05-15T00:00:00Z,33.0,0.24
1997-05-15T00:00:00Z,39.0,0.522
1997-05-15T00:00:00Z,45.0,0.148
1997-06-15T00:00:00Z,33.0,0.387
1997-06-15T00:00:00Z,39.0,1.8
1997-06-15T00:00:00Z,45.0,0.33
1997-07-15T00:00:00Z,33.0,0.194
1997-07-15T00:00:00Z,39.0,1.108
1997-07-15T00:00:00Z,45.0,0.56
1997-08-15T00:00:00Z,33.0,0.261
1997-08-15T00:00:00Z,39.0,0.372
1997-08-15T00:00:00Z,45.0,0.135
1997-09-15T00:00:00Z,33.0,0.312
1997-09-15T00:00:00Z,39.0,0.672
1997-09-15T00:00:00Z,45.0,-0.08
1997-10-15T00:00:00Z,33.0,0.381
1997-10-15T00:00:00Z,39.0,0.855
1997-10-15T00:00:00Z,45.0,-0.152
1997-11-15T00:00:00Z,33.0,0.096
1997-11-15T00:00:00Z,39.0,-0.09
1997-11-15T00:00:00Z,45.0,-0.467
1997-12-15T00:00:00Z,33.0,0.154
1997-12-15T00:00:00Z,39.0,0.359
1997-12-15T00:00:00Z,45.0,-0.132
1998-01-15T00:00:00Z,33.0,0.356
1998-01-15T00:00:00Z,39.0,-0.616
1998-01-15T00:00:00Z,45.0,-0.952
1998-02-15T00:00:00Z,33.0,0.532
1998-02-15T00:00:00Z,39.0,-0.14
1998-02-15T00:00:00Z,45.0,-0.982
1998-03-15T00:00:00Z,33.0,0.555
1998-03-15T00:00:00Z,39.0,0.976
1998-03-15T00:00:00Z,45.0,0.076
1998-04-15T00:00:00Z,33.0,0.353
1998-04-15T00:00:00Z,39.0,1.1
1998-04-15T00:00:00Z,45.0,0.18
1998-05-15T00:00:00Z,33.0,0.334
1998-05-15T00:00:00Z,39.0,0.561
1998-05-15T00:00:00Z,45.0,0.341
1998-06-15T00:00:00Z,33.0,0.266
1998-06-15T00:00:00Z,39.0,1.384
1998-06-15T00:00:00Z,45.0,0.527
1998-07-15T00:00:00Z,33.0,0.196
1998-07-15T00:00:00Z,39.0,1.369
1998-07-15T00:00:00Z,45.0,0.377
1998-08-15T00:00:00Z,33.0,0.26
1998-08-15T00:00:00Z,39.0,1.4
1998-08-15T00:00:00Z,45.0,0.525
1998-09-15T00:00:00Z,33.0,0.293
1998-09-15T00:00:00Z,39.0,0.843
1998-09-15T00:00:00Z,45.0,0.5
1998-10-15T00:00:00Z,33.0,0.365
1998-10-15T00:00:00Z,39.0,0.93
1998-10-15T00:00:00Z,45.0,0.021
1998-11-15T00:00:00Z,33.0,0.427
1998-11-15T00:00:00Z,39.0,0.098
1998-11-15T00:00:00Z,45.0,-0.722
1998-12-15T00:00:00Z,33.0,0.334
1998-12-15T00:00:00Z,39.0,1.259
1998-12-15T00:00:00Z,45.0,-0.078
1999-01-15T00:00:00Z,33.0,0.188
1999-01-15T00:00:00Z,39.0,0.531
1999-01-15T00:00:00Z,45.0,-0.288
1999-02-15T00:00:00Z,33.0,0.593
1999-02-15T00:00:00Z,39.0,0.084
1999-02-15T00:00:00Z,45.0,-1.252
1999-03-15T00:00:00Z,33.0,0.371
1999-03-15T00:00:00Z,39.0,0.558
1999-03-15T00:00:00Z,45.0,-0.404
1999-04-15T00:00:00Z,33.0,0.482
1999-04-15T00:00:00Z,39.0,2.313
1999-04-15T00:00:00Z,45.0,0.553
1999-05-15T00:00:00Z,33.0,0.241
1999-05-15T00:00:00Z,39.0,2.21
1999-05-15T00:00:00Z,45.0,0.497
1999-06-15T00:00:00Z,33.0,0.385
1999-06-15T00:00:00Z,39.0,2.035
1999-06-15T00:00:00Z,45.0,0.258
1999-07-15T00:00:00Z,33.0,0.399
1999-07-15T00:00:00Z,39.0,1.19
1999-07-15T00:00:00Z,45.0,0.465
1999-08-15T00:00:00Z,33.0,0.382
1999-08-15T00:00:00Z,39.0,1.201
1999-08-15T00:00:00Z,45.0,0.306
1999-09-15T00:00:00Z,33.0,0.32
1999-09-15T00:00:00Z,39.0,1.075
1999-09-15T00:00:00Z,45.0,0.64
1999-10-15T00:00:00Z,33.0,0.3
1999-10-15T00:00:00Z,39.0,0.66
1999-10-15T00:00:00Z,45.0,0.102
1999-11-15T00:00:00Z,33.0,0.303
1999-11-15T00:00:00Z,39.0,-0.093
1999-11-15T00:00:00Z,45.0,-0.641
1999-12-15T00:00:00Z,33.0,0.328
1999-12-15T00:00:00Z,39.0,1.163
1999-12-15T00:00:00Z,45.0,-0.008
2000-01-15T00:00:00Z,33.0,0.421
2000-01-15T00:00:00Z,39.0,0.107
2000-01-15T00:00:00Z,45.0,-0.293
2000-02-15T00:00:00Z,33.0,0.312
2000-02-15T00:00:00Z,39.0,-0.15
2000-02-15T00:00:00Z,45.0,-0.266
2000-03-15T00:00:00Z,33.0,0.524
2000-03-15T00:00:00Z,39.0,1.862
2000-03-15T00:00:00Z,45.0,0.109
2000-04-15T00:00:00Z,33.0,0.376
2000-04-15T00:00:00Z,39.0,0.689
2000-04-15T00:00:00Z,45.0,0.209
2000-05-15T00:00:00Z,33.0,0.429
2000-05-15T00:00:00Z,39.0,1.353
2000-05-15T00:00:00Z,45.0,0.251
2000-06-15T00:00:00Z,33.0,0.342
2000-06-15T00:00:00Z,39.0,1.165
2000-06-15T00:00:00Z,45.0,0.566
2000-07-15T00:00:00Z,33.0,0.324
2000-07-15T00:00:00Z,39.0,1.672
2000-07-15T00:00:00Z,45.0,0.427
2000-08-15T00:00:00Z,33.0,0.304
2000-08-15T00:00:00Z,39.0,1.416
2000-08-15T00:00:00Z,45.0,0.487
2000-09-15T00:00:00Z,33.0,0.265
2000-09-15T00:00:00Z,39.0,0.933
2000-09-15T00:00:00Z,45.0,0.251
2000-10-15T00:00:00Z,33.0,0.306
2000-10-15T00:00:00Z,39.0,0.945
2000-10-15T00:00:00Z,45.0,0.108
2000-11-15T00:00:00Z,33.0,0.472
2000-11-15T00:00:00Z,39.0,0.527
2000-11-15T00:00:00Z,45.0,0.222
2000-12-15T00:00:00Z,33.0,0.221
2000-12-15T00:00:00Z,39.0,0.367
2000-12-15T00:00:00Z,45.0,-0.314
2001-01-15T00:00:00Z,33.0,0.196
2001-01-15T00:00:00Z,39.0,0.325
2001-01-15T00:00:00Z,45.0,-0.409
2001-02-15T00:00:00Z,33.0,0.429
2001-02-15T00:00:00Z,39.0,0.38
2001-02-15T00:00:00Z,45.0,0.232
2001-03-15T00:00:00Z,33.0,0.359
2001-03-15T00:00:00Z,39.0,1.21
2001-03-15T00:00:00Z,45.0,0.541
2001-04-15T00:00:00Z,33.0,0.793
2001-04-15T00:00:00Z,39.0,1.22
2001-04-15T00:00:00Z,45.0,0.182
2001-05-15T00:00:00Z,33.0,0.053
2001-05-15T00:00:00Z,39.0,1.86
2001-05-15T00:00:00Z,45.0,0.471
2001-06-15T00:00:00Z,33.0,0.247
2001-06-15T00:00:00Z,39.0,1.947
2001-06-15T00:00:00Z,45.0,0.418
2001-07-15T00:00:00Z,33.0,0.355
2001-07-15T00:00:00Z,39.0,2.108
2001-07-15T00:00:00Z,45.0,0.776
2001-08-15T00:00:00Z,33.0,0.372
2001-08-15T00:00:00Z,39.0,1.842
2001-08-15T00:00:00Z,45.0,0.161
2001-09-15T00:00:00Z,33.0,0.365
2001-09-15T00:00:00Z,39.0,1.147
2001-09-15T00:00:00Z,45.0,0.43
2001-10-15T00:00:00Z,33.0,0.16
2001-10-15T00:00:00Z,39.0,1.273
2001-10-15T00:00:00Z,45.0,0.108
2001-11-15T00:00:00Z,33.0,0.396
2001-11-15T00:00:00Z,39.0,0.077
2001-11-15T00:00:00Z,45.0,-0.725
2001-12-15T00:00:00Z,33.0,0.469
2001-12-15T00:00:00Z,39.0,0.443
2001-12-15T00:00:00Z,45.0,-0.257
2002-01-15T00:00:00Z,33.0,0.51
2002-01-15T00:00:00Z,39.0,0.968
2002-01-15T00:00:00Z,45.0,-0.312
2002-02-15T00:00:00Z,33.0,0.465
2002-02-15T00:00:00Z,39.0,0.339
2002-02-15T00:00:00Z,45.0,0.089
2002-03-15T00:00:00Z,33.0,0.957
2002-03-15T00:00:00Z,39.0,1.167
2002-03-15T00:00:00Z,45.0,0.236
2002-04-15T00:00:00Z,33.0,0.568
2002-04-15T00:00:00Z,39.0,1.397
2002-04-15T00:00:00Z,45.0,0.678
2002-05-15T00:00:00Z,33.0,0.728
2002-05-15T00:00:00Z,39.0,1.833
2002-05-15T00:00:00Z,45.0,0.428
2002-06-15T00:00:00Z,33.0,0.418
2002-06-15T00:00:00Z,39.0,2.751
2002-06-15T00:00:00Z,45.0,0.363
2002-07-15T00:00:00Z,33.0,0.307
2002-07-15T00:00:00Z,39.0,1.617
2002-07-15T00:00:00Z,45.0,0.652
2002-08-15T00:00:00Z,33.0,0.372
2002-08-15T00:00:00Z,39.0,1.656
2002-08-15T00:00:00Z,45.0,0.543
2002-09-15T00:00:00Z,33.0,0.44
2002-09-15T00:00:00Z,39.0,0.727
2002-09-15T00:00:00Z,45.0,0.344
2002-10-15T00:00:00Z,33.0,0.315
2002-10-15T00:00:00Z,39.0,1.196
2002-10-15T00:00:00Z,45.0,0.343
2002-11-15T00:00:00Z,33.0,0.266
2002-11-15T00:00:00Z,39.0,-0.025
2002-11-15T00:00:00Z,45.0,-0.867
2002-12-15T00:00:00Z,33.0,0.381
2002-12-15T00:00:00Z,39.0,-0.591
2002-12-15T00:00:00Z,45.0,-1.022
2003-01-15T00:00:00Z,33.0,0.303
2003-01-15T00:00:00Z,39.0,-0.015
2003-01-15T00:00:00Z,45.0,-0.534
2003-02-15T00:00:00Z,33.0,0.371
2003-02-15T00:00:00Z,39.0,0.862
2003-02-15T00:00:00Z,45.0,0.116
2003-03-15T00:00:00Z,33.0,0.794
2003-03-15T00:00:00Z,39.0,0.712
2003-03-15T00:00:00Z,45.0,-0.463
2003-04-15T00:00:00Z,33.0,0.716
2003-04-15T00:00:00Z,39.0,0.706
2003-04-15T00:00:00Z,45.0,-0.25
2003-05-15T00:00:00Z,33.0,0.534
2003-05-15T00:00:00Z,39.0,1.722
2003-05-15T00:00:00Z,45.0,0.454
2003-06-15T00:00:00Z,33.0,0.513
2003-06-15T00:00:00Z,39.0,2.221
2003-06-15T00:00:00Z,45.0,0.918
2003-07-15T00:00:00Z,33.0,0.317
2003-07-15T00:00:00Z,39.0,1.78
2003-07-15T00:00:00Z,45.0,0.68
2003-08-15T00:00:00Z,33.0,0.792
2003-08-15T00:00:00Z,39.0,0.966
2003-08-15T00:00:00Z,45.0,0.513
2003-09-15T00:00:00Z,33.0,0.611
2003-09-15T00:00:00Z,39.0,0.81
2003-09-15T00:00:00Z,45.0,0.501
2003-10-15T00:00:00Z,33.0,0.312
2003-10-15T00:00:00Z,39.0,0.983
2003-10-15T00:00:00Z,45.0,-0.318
2003-11-15T00:00:00Z,33.0,0.428
2003-11-15T00:00:00Z,39.0,0.132
2003-11-15T00:00:00Z,45.0,-0.213
2003-12-15T00:00:00Z,33.0,0.269
2003-12-15T00:00:00Z,39.0,-0.324
2003-12-15T00:00:00Z,45.0,-0.5
2004-01-15T00:00:00Z,33.0,0.418
2004-01-15T00:00:00Z,39.0,0.258
2004-01-15T00:00:00Z,45.0,-0.336
2004-02-15T00:00:00Z,33.0,0.574
2004-02-15T00:00:00Z,39.0,0.111
2004-02-15T00:00:00Z,45.0,-0.266
2004-03-15T00:00:00Z,33.0,0.55
2004-03-15T00:00:00Z,39.0,1.58
2004-03-15T00:00:00Z,45.0,0.233
2004-04-15T00:00:00Z,33.0,0.672
2004-04-15T00:00:00Z,39.0,1.02
2004-04-15T00:00:00Z,45.0,0.117
2004-05-15T00:00:00Z,33.0,0.972
2004-05-15T00:00:00Z,39.0,1.87
2004-05-15T00:00:00Z,45.0,0.279
2004-06-15T00:00:00Z,33.0,0.49
2004-06-15T00:00:00Z,39.0,1.75
2004-06-15T00:00:00Z,45.0,0.535
2004-07-15T00:00:00Z,33.0,0.555
2004-07-15T00:00:00Z,39.0,1.161
2004-07-15T00:00:00Z,45.0,0.486
2004-08-15T00:00:00Z,33.0,0.362
2004-08-15T00:00:00Z,39.0,0.663
2004-08-15T00:00:00Z,45.0,0.364
2004-09-15T00:00:00Z,33.0,0.43
2004-09-15T00:00:00Z,39.0,1.396
2004-09-15T00:00:00Z,45.0,0.404
2004-10-15T00:00:00Z,33.0,0.248
2004-10-15T00:00:00Z,39.0,0.477
2004-10-15T00:00:00Z,45.0,0.029
2004-11-15T00:00:00Z,33.0,0.372
2004-11-15T00:00:00Z,39.0,1.17
2004-11-15T00:00:00Z,45.0,0.576
2004-12-15T00:00:00Z,33.0,0.132
2004-12-15T00:00:00Z,39.0,0.154
2004-12-15T00:00:00Z,45.0,-0.13
2005-01-15T00:00:00Z,33.0,0.314
2005-01-15T00:00:00Z,39.0,-0.349
2005-01-15T00:00:00Z,45.0,-0.362
2005-02-15T00:00:00Z,33.0,0.167
2005-02-15T00:00:00Z,39.0,-0.051
2005-02-15T00:00:00Z,45.0,0.299
2005-03-15T00:00:00Z,33.0,0.481
2005-03-15T00:00:00Z,39.0,0.472
2005-03-15T00:00:00Z,45.0,-0.271
2005-04-15T00:00:00Z,33.0,0.815
2005-04-15T00:00:00Z,39.0,1.159
2005-04-15T00:00:00Z,45.0,0.146
2005-05-15T00:00:00Z,33.0,0.749
2005-05-15T00:00:00Z,39.0,0.941
2005-05-15T00:00:00Z,45.0,-0.019
2005-06-15T00:00:00Z,33.0,0.843
2005-06-15T00:00:00Z,39.0,1.865
2005-06-15T00:00:00Z,45.0,0.539
2005-07-15T00:00:00Z,33.0,0.314
2005-07-15T00:00:00Z,39.0,1.765
2005-07-15T00:00:00Z,45.0,0.832
2005-08-15T00:00:00Z,33.0,0.224
2005-08-15T00:00:00Z,39.0,1.386
2005-08-15T00:00:00Z,45.0,0.539
2005-09-15T00:00:00Z,33.0,0.519
2005-09-15T00:00:00Z,39.0,1.323
2005-09-15T00:00:00Z,45.0,0.545
2005-10-15T00:00:00Z,33.0,0.5
2005-10-15T00:00:00Z,39.0,0.527
2005-10-15T00:00:00Z,45.0,-0.298
2005-11-15T00:00:00Z,33.0,0.468
2005-11-15T00:00:00Z,39.0,0.754
2005-11-15T00:00:00Z,45.0,0.026
2005-12-15T00:00:00Z,33.0,0.347
2005-12-15T00:00:00Z,39.0,0.118
2005-12-15T00:00:00Z,45.0,-0.574
2006-01-15T00:00:00Z,33.0,0.29
2006-01-15T00:00:00Z,39.0,0.097
2006-01-15T00:00:00Z,45.0,-0.428
2006-02-15T00:00:00Z,33.0,0.29
2006-02-15T00:00:00Z,39.0,0.786
2006-02-15T00:00:00Z,45.0,0.19
2006-03-15T00:00:00Z,33.0,0.692
2006-03-15T00:00:00Z,39.0,0.311
2006-03-15T00:00:00Z,45.0,-0.648
2006-04-15T00:00:00Z,33.0,0.241
2006-04-15T00:00:00Z,39.0,1.266
2006-04-15T00:00:00Z,45.0,0.361
2006-05-15T00:00:00Z,33.0,0.525
2006-05-15T00:00:00Z,39.0,1.579
2006-05-15T00:00:00Z,45.0,0.69
2006-06-15T00:00:00Z,33.0,0.577
2006-06-15T00:00:00Z,39.0,1.759
2006-06-15T00:00:00Z,45.0,0.912
2006-07-15T00:00:00Z,33.0,0.311
2006-07-15T00:00:00Z,39.0,2.074
2006-07-15T00:00:00Z,45.0,0.842
2006-08-15T00:00:00Z,33.0,0.478
2006-08-15T00:00:00Z,39.0,1.966
2006-08-15T00:00:00Z,45.0,0.751
2006-09-15T00:00:00Z,33.0,0.555
2006-09-15T00:00:00Z,39.0,1.497
2006-09-15T00:00:00Z,45.0,0.297
2006-10-15T00:00:00Z,33.0,0.378
2006-10-15T00:00:00Z,39.0,0.399
2006-10-15T00:00:00Z,45.0,0.249
2006-11-15T00:00:00Z,33.0,0.354
2006-11-15T00:00:00Z,39.0,0.124
2006-11-15T00:00:00Z,45.0,-0.416
2006-12-15T00:00:00Z,33.0,0.375
2006-12-15T00:00:00Z,39.0,0.173
2006-12-15T00:00:00Z,45.0,-0.481
2007-01-15T00:00:00Z,33.0,0.522
2007-01-15T00:00:00Z,39.0,1.082
2007-01-15T00:00:00Z,45.0,0.102
2007-02-15T00:00:00Z,33.0,0.626
2007-02-15T00:00:00Z,39.0,1.057
2007-02-15T00:00:00Z,45.0,-0.176
2007-03-15T00:00:00Z,33.0,0.6
2007-03-15T00:00:00Z,39.0,1.572
2007-03-15T00:00:00Z,45.0,0.033
2007-04-15T00:00:00Z,33.0,0.965
2007-04-15T00:00:00Z,39.0,1.334
2007-04-15T00:00:00Z,45.0,0.061
2007-05-15T00:00:00Z,33.0,0.629
2007-05-15T00:00:00Z,39.0,1.729
2007-05-15T00:00:00Z,45.0,0.712
2007-06-15T00:00:00Z,33.0,0.581
2007-06-15T00:00:00Z,39.0,2.086
2007-06-15T00:00:00Z,45.0,0.086
2007-07-15T00:00:00Z,33.0,0.397
2007-07-15T00:00:00Z,39.0,1.324
2007-07-15T00:00:00Z,45.0,0.432
2007-08-15T00:00:00Z,33.0,0.382
2007-08-15T00:00:00Z,39.0,1.377
2007-08-15T00:00:00Z,45.0,0.424
2007-09-15T00:00:00Z,33.0,0.62
2007-09-15T00:00:00Z,39.0,1.424
2007-09-15T00:00:00Z,45.0,0.345
2007-10-15T00:00:00Z,33.0,0.648
2007-10-15T00:00:00Z,39.0,0.687
2007-10-15T00:00:00Z,45.0,0.143
2007-11-15T00:00:00Z,33.0,0.201
2007-11-15T00:00:00Z,39.0,0.905
2007-11-15T00:00:00Z,45.0,0.083
2007-12-15T00:00:00Z,33.0,0.57
2007-12-15T00:00:00Z,39.0,0.461
2007-12-15T00:00:00Z,45.0,-0.751
2008-01-15T00:00:00Z,33.0,0.208
2008-01-15T00:00:00Z,39.0,0.034
2008-01-15T00:00:00Z,45.0,-0.355
2008-02-15T00:00:00Z,33.0,0.484
2008-02-15T00:00:00Z,39.0,0.948
2008-02-15T00:00:00Z,45.0,-0.072
2008-03-15T00:00:00Z,33.0,1.011
2008-03-15T00:00:00Z,39.0,1.377
2008-03-15T00:00:00Z,45.0,0.059
2008-04-15T00:00:00Z,33.0,0.76
2008-04-15T00:00:00Z,39.0,1.021
2008-04-15T00:00:00Z,45.0,0.278
2008-05-15T00:00:00Z,33.0,0.576
2008-05-15T00:00:00Z,39.0,1.777
2008-05-15T00:00:00Z,45.0,0.591
2008-06-15T00:00:00Z,33.0,0.487
2008-06-15T00:00:00Z,39.0,1.85
2008-06-15T00:00:00Z,45.0,0.559
2008-07-15T00:00:00Z,33.0,0.286
2008-07-15T00:00:00Z,39.0,1.205
2008-07-15T00:00:00Z,45.0,0.602
2008-08-15T00:00:00Z,33.0,0.262
2008-08-15T00:00:00Z,39.0,1.624
2008-08-15T00:00:00Z,45.0,0.254
2008-09-15T00:00:00Z,33.0,0.377
2008-09-15T00:00:00Z,39.0,0.459
2008-09-15T00:00:00Z,45.0,0.457
2008-10-15T00:00:00Z,33.0,0.408
2008-10-15T00:00:00Z,39.0,0.835
2008-10-15T00:00:00Z,45.0,-0.058
2008-11-15T00:00:00Z,33.0,0.293
2008-11-15T00:00:00Z,39.0,0.195
2008-11-15T00:00:00Z,45.0,-0.555
2008-12-15T00:00:00Z,33.0,0.209
2008-12-15T00:00:00Z,39.0,0.65
2008-12-15T00:00:00Z,45.0,0.001
2009-01-15T00:00:00Z,33.0,-0.045
2009-01-15T00:00:00Z,39.0,0.39
2009-01-15T00:00:00Z,45.0,0.008
2009-02-15T00:00:00Z,33.0,0.38
2009-02-15T00:00:00Z,39.0,-0.056
2009-02-15T00:00:00Z,45.0,0.055
2009-03-15T00:00:00Z,33.0,0.441
2009-03-15T00:00:00Z,39.0,1.388
2009-03-15T00:00:00Z,45.0,0.084
2009-04-15T00:00:00Z,33.0,0.682
2009-04-15T00:00:00Z,39.0,1.171
2009-04-15T00:00:00Z,45.0,0.317
2009-05-15T00:00:00Z,33.0,0.305
2009-05-15T00:00:00Z,39.0,1.197
2009-05-15T00:00:00Z,45.0,0.293
2009-06-15T00:00:00Z,33.0,0.461
2009-06-15T00:00:00Z,39.0,1.167
2009-06-15T00:00:00Z,45.0,0.309
2009-07-15T00:00:00Z,33.0,0.24
2009-07-15T00:00:00Z,39.0,1.217
2009-07-15T00:00:00Z,45.0,0.442
2009-08-15T00:00:00Z,33.0,0.343
2009-08-15T00:00:00Z,39.0,0.949
2009-08-15T00:00:00Z,45.0,0.29
2009-09-15T00:00:00Z,33.0,0.38
2009-09-15T00:00:00Z,39.0,0.882
2009-09-15T00:00:00Z,45.0,0.117
2009-10-15T00:00:00Z,33.0,0.485
2009-10-15T00:00:00Z,39.0,0.95
2009-10-15T00:00:00Z,45.0,0.013
2009-11-15T00:00:00Z,33.0,0.377
2009-11-15T00:00:00Z,39.0,0.602
2009-11-15T00:00:00Z,45.0,-0.801
2009-12-15T00:00:00Z,33.0,0.178
2009-12-15T00:00:00Z,39.0,-0.074
2009-12-15T00:00:00Z,45.0,-0.235
2010-01-15T00:00:00Z,33.0,0.288
2010-01-15T00:00:00Z,39.0,-0.21
2010-01-15T00:00:00Z,45.0,-0.985
2010-02-15T00:00:00Z,33.0,0.403
2010-02-15T00:00:00Z,39.0,0.096
2010-02-15T00:00:00Z,45.0,-0.218
2010-03-15T00:00:00Z,33.0,0.67
2010-03-15T00:00:00Z,39.0,0.833
2010-03-15T00:00:00Z,45.0,-0.1
2010-04-15T00:00:00Z,33.0,0.813
2010-04-15T00:00:00Z,39.0,1.307
2010-04-15T00:00:00Z,45.0,0.074
2010-05-15T00:00:00Z,33.0,0.719
2010-05-15T00:00:00Z,39.0,0.909
2010-05-15T00:00:00Z,45.0,0.157
2010-06-15T00:00:00Z,33.0,0.381
2010-06-15T00:00:00Z,39.0,1.988
2010-06-15T00:00:00Z,45.0,0.25
2010-07-15T00:00:00Z,33.0,0.277
2010-07-15T00:00:00Z,39.0,1.892
2010-07-15T00:00:00Z,45.0,0.912
2010-08-15T00:00:00Z,33.0,0.451
2010-08-15T00:00:00Z,39.0,1.387
2010-08-15T00:00:00Z,45.0,0.274
2010-09-15T00:00:00Z,33.0,0.386
2010-09-15T00:00:00Z,39.0,0.778
2010-09-15T00:00:00Z,45.0,-0.082
2010-10-15T00:00:00Z,33.0,0.25
2010-10-15T00:00:00Z,39.0,0.493
2010-10-15T00:00:00Z,45.0,-0.294
2010-11-15T00:00:00Z,33.0,0.47
2010-11-15T00:00:00Z,39.0,0.626
2010-11-15T00:00:00Z,45.0,-0.183
2010-12-15T00:00:00Z,33.0,0.206
2010-12-15T00:00:00Z,39.0,-0.305
2010-12-15T00:00:00Z,45.0,-1.217
2011-01-15T00:00:00Z,33.0,-0.069
2011-01-15T00:00:00Z,39.0,0.438
2011-01-15T00:00:00Z,45.0,0.015
2011-02-15T00:00:00Z,33.0,0.235
2011-02-15T00:00:00Z,39.0,0.467
2011-02-15T00:00:00Z,45.0,0.187
2011-03-15T00:00:00Z,33.0,0.443
2011-03-15T00:00:00Z,39.0,-0.032
2011-03-15T00:00:00Z,45.0,-0.618
2011-04-15T00:00:00Z,33.0,0.761
2011-04-15T00:00:00Z,39.0,0.956
2011-04-15T00:00:00Z,45.0,0.262
2011-05-15T00:00:00Z,33.0,0.914
2011-05-15T00:00:00Z,39.0,1.416
2011-05-15T00:00:00Z,45.0,0.079
2011-06-15T00:00:00Z,33.0,0.504
2011-06-15T00:00:00Z,39.0,1.674
2011-06-15T00:00:00Z,45.0,0.263
2011-07-15T00:00:00Z,33.0,0.564
2011-07-15T00:00:00Z,39.0,1.81
2011-07-15T00:00:00Z,45.0,0.565
2011-08-15T00:00:00Z,33.0,0.576
2011-08-15T00:00:00Z,39.0,1.839
2011-08-15T00:00:00Z,45.0,0.364
2011-09-15T00:00:00Z,33.0,0.324
2011-09-15T00:00:00Z,39.0,0.688
2011-09-15T00:00:00Z,45.0,-0.006
2011-10-15T00:00:00Z,33.0,0.317
2011-10-15T00:00:00Z,39.0,0.596
2011-10-15T00:00:00Z,45.0,0.044
2011-11-15T00:00:00Z,33.0,0.183
2011-11-15T00:00:00Z,39.0,0.319
2011-11-15T00:00:00Z,45.0,-0.384
2011-12-15T00:00:00Z,33.0,0.243
2011-12-15T00:00:00Z,39.0,0.77
2011-12-15T00:00:00Z,45.0,0.506
2012-01-15T00:00:00Z,33.0,0.306
2012-01-15T00:00:00Z,39.0,0.168
2012-01-15T00:00:00Z,45.0,-0.623
2012-02-15T00:00:00Z,33.0,0.59
2012-02-15T00:00:00Z,39.0,1.064
2012-02-15T00:00:00Z,45.0,0.042
2012-03-15T00:00:00Z,33.0,0.517
2012-03-15T00:00:00Z,39.0,-0.043
2012-03-15T00:00:00Z,45.0,-0.701
2012-04-15T00:00:00Z,33.0,0.362
2012-04-15T00:00:00Z,39.0,0.59
2012-04-15T00:00:00Z,45.0,-0.25
2012-05-15T00:00:00Z,33.0,0.678
2012-05-15T00:00:00Z,39.0,1.688
2012-05-15T00:00:00Z,45.0,0.531
2012-06-15T00:00:00Z,33.0,0.604
2012-06-15T00:00:00Z,39.0,1.793
2012-06-15T00:00:00Z,45.0,0.172
2012-07-15T00:00:00Z,33.0,0.458
2012-07-15T00:00:00Z,39.0,1.609
2012-07-15T00:00:00Z,45.0,0.469
2012-08-15T00:00:00Z,33.0,0.337
2012-08-15T00:00:00Z,39.0,1.227
2012-08-15T00:00:00Z,45.0,0.528
2012-09-15T00:00:00Z,33.0,0.406
2012-09-15T00:00:00Z,39.0,0.81
2012-09-15T00:00:00Z,45.0,0.533
2012-10-15T00:00:00Z,33.0,0.466
2012-10-15T00:00:00Z,39.0,0.313
2012-10-15T00:00:00Z,45.0,-0.196
2012-11-15T00:00:00Z,33.0,0.223
2012-11-15T00:00:00Z,39.0,-0.113
2012-11-15T00:00:00Z,45.0,-0.585
2012-12-15T00:00:00Z,33.0,0.303
2012-12-15T00:00:00Z,39.0,0.439
2012-12-15T00:00:00Z,45.0,-0.184
2013-01-15T00:00:00Z,33.0,0.44
2013-01-15T00:00:00Z,39.0,0.59
2013-01-15T00:00:00Z,45.0,-0.072
2013-02-15T00:00:00Z,33.0,0.538
2013-02-15T00:00:00Z,39.0,1.143
2013-02-15T00:00:00Z,45.0,-0.069
2013-03-15T00:00:00Z,33.0,0.294
2013-03-15T00:00:00Z,39.0,0.843
2013-03-15T00:00:00Z,45.0,-0.06
2013-04-15T00:00:00Z,33.0,0.719
2013-04-15T00:00:00Z,39.0,1.72
2013-04-15T00:00:00Z,45.0,0.203
2013-05-15T00:00:00Z,33.0,0.598
2013-05-15T00:00:00Z,39.0,1.231
2013-05-15T00:00:00Z,45.0,0.185
2013-06-15T00:00:00Z,33.0,0.482
2013-06-15T00:00:00Z,39.0,1.497
2013-06-15T00:00:00Z,45.0,0.318
2013-07-15T00:00:00Z,33.0,0.434
2013-07-15T00:00:00Z,39.0,1.564
2013-07-15T00:00:00Z,45.0,1.231
2013-08-15T00:00:00Z,33.0,0.619
2013-08-15T00:00:00Z,39.0,0.755
2013-08-15T00:00:00Z,45.0,0.192
2013-09-15T00:00:00Z,33.0,0.477
2013-09-15T00:00:00Z,39.0,0.775
2013-09-15T00:00:00Z,45.0,-0.113
2013-10-15T00:00:00Z,33.0,0.248
2013-10-15T00:00:00Z,39.0,1.227
2013-10-15T00:00:00Z,45.0,0.408
2013-11-15T00:00:00Z,33.0,0.16
2013-11-15T00:00:00Z,39.0,0.715
2013-11-15T00:00:00Z,45.0,-0.079
2013-12-15T00:00:00Z,33.0,0.26
2013-12-15T00:00:00Z,39.0,0.918
2013-12-15T00:00:00Z,45.0,-0.033
2014-01-15T00:00:00Z,33.0,0.096
2014-01-15T00:00:00Z,39.0,0.081
2014-01-15T00:00:00Z,45.0,-0.255
2014-02-15T00:00:00Z,33.0,0.248
2014-02-15T00:00:00Z,39.0,0.137
2014-02-15T00:00:00Z,45.0,-0.333
2014-03-15T00:00:00Z,33.0,0.308
2014-03-15T00:00:00Z,39.0,0.312
2014-03-15T00:00:00Z,45.0,-0.287
2014-04-15T00:00:00Z,33.0,0.564
2014-04-15T00:00:00Z,39.0,0.654
2014-04-15T00:00:00Z,45.0,0.097
2014-05-15T00:00:00Z,33.0,0.64
2014-05-15T00:00:00Z,39.0,1.396
2014-05-15T00:00:00Z,45.0,0.174
2014-06-15T00:00:00Z,33.0,0.454
2014-06-15T00:00:00Z,39.0,1.933
2014-06-15T00:00:00Z,45.0,0.532
2014-07-15T00:00:00Z,33.0,0.301
2014-07-15T00:00:00Z,39.0,0.715
2014-07-15T00:00:00Z,45.0,0.735
2014-08-15T00:00:00Z,33.0,0.349
2014-08-15T00:00:00Z,39.0,0.761
2014-08-15T00:00:00Z,45.0,0.619
2014-09-15T00:00:00Z,33.0,0.522
2014-09-15T00:00:00Z,39.0,0.344
2014-09-15T00:00:00Z,45.0,0.108
2014-10-15T00:00:00Z,33.0,0.185
2014-10-15T00:00:00Z,39.0,0.301
2014-10-15T00:00:00Z,45.0,-0.539
2014-11-15T00:00:00Z,33.0,0.204
2014-11-15T00:00:00Z,39.0,0.005
2014-11-15T00:00:00Z,45.0,-0.262
2014-12-15T00:00:00Z,33.0,0.174
2014-12-15T00:00:00Z,39.0,-0.163
2014-12-15T00:00:00Z,45.0,-0.664
2015-01-15T00:00:00Z,33.0,0.048
2015-01-15T00:00:00Z,39.0,0.147
2015-01-15T00:00:00Z,45.0,-0.194
2015-02-15T00:00:00Z,33.0,0.105
2015-02-15T00:00:00Z,39.0,0.258
2015-02-15T00:00:00Z,45.0,-0.44
2015-03-15T00:00:00Z,33.0,0.13
2015-03-15T00:00:00Z,39.0,0.633
2015-03-15T00:00:00Z,45.0,-0.071
2015-04-15T00:00:00Z,33.0,0.454
2015-04-15T00:00:00Z,39.0,1.483
2015-04-15T00:00:00Z,45.0,0.237
2015-05-15T00:00:00Z,33.0,0.694
2015-05-15T00:00:00Z,39.0,1.467
2015-05-15T00:00:00Z,45.0,0.513
2015-06-15T00:00:00Z,33.0,0.48
2015-06-15T00:00:00Z,39.0,0.996
2015-06-15T00:00:00Z,45.0,0.731
2015-07-15T00:00:00Z,33.0,0.472
2015-07-15T00:00:00Z,39.0,0.496
2015-07-15T00:00:00Z,45.0,0.277
2015-08-15T00:00:00Z,33.0,0.543
2015-08-15T00:00:00Z,39.0,0.409
2015-08-15T00:00:00Z,45.0,0.321
2015-09-15T00:00:00Z,33.0,0.281
2015-09-15T00:00:00Z,39.0,0.899
2015-09-15T00:00:00Z,45.0,0.272
2015-10-15T00:00:00Z,33.0,0.335
2015-10-15T00:00:00Z,39.0,0.484
2015-10-15T00:00:00Z,45.0,-0.062
2015-11-15T00:00:00Z,33.0,0.464
2015-11-15T00:00:00Z,39.0,0.57
2015-11-15T00:00:00Z,45.0,-0.255
2015-12-15T00:00:00Z,33.0,0.764
2015-12-15T00:00:00Z,39.0,0.196
2015-12-15T00:00:00Z,45.0,-0.964
2016-01-15T00:00:00Z,33.0,0.188
2016-01-15T00:00:00Z,39.0,-0.797
2016-01-15T00:00:00Z,45.0,-0.845
2016-02-15T00:00:00Z,33.0,0.368
2016-02-15T00:00:00Z,39.0,0.176
2016-02-15T00:00:00Z,45.0,-0.455
2016-03-15T00:00:00Z,33.0,0.423
2016-03-15T00:00:00Z,39.0,0.264
2016-03-15T00:00:00Z,45.0,-0.555
2016-04-15T00:00:00Z,33.0,0.733
2016-04-15T00:00:00Z,39.0,0.948
2016-04-15T00:00:00Z,45.0,0.062
2016-05-15T00:00:00Z,33.0,0.587
2016-05-15T00:00:00Z,39.0,1.242
2016-05-15T00:00:00Z,45.0,0.519
2016-06-15T00:00:00Z,33.0,0.26
2016-06-15T00:00:00Z,39.0,1.551
2016-06-15T00:00:00Z,45.0,0.386
2016-07-15T00:00:00Z,33.0,0.279
2016-07-15T00:00:00Z,39.0,1.577
2016-07-15T00:00:00Z,45.0,0.483
2016-08-15T00:00:00Z,33.0,0.433
2016-08-15T00:00:00Z,39.0,0.597
2016-08-15T00:00:00Z,45.0,0.537
2016-09-15T00:00:00Z,33.0,0.344
2016-09-15T00:00:00Z,39.0,1.069
2016-09-15T00:00:00Z,45.0,0.383
2016-10-15T00:00:00Z,33.0,0.408
2016-10-15T00:00:00Z,39.0,0.078
2016-10-15T00:00:00Z,45.0,-1.036
2016-11-15T00:00:00Z,33.0,0.312
2016-11-15T00:00:00Z,39.0,0.033
2016-11-15T00:00:00Z,45.0,-0.693
2016-12-15T00:00:00Z,33.0,0.301
2016-12-15T00:00:00Z,39.0,0.559
2016-12-15T00:00:00Z,45.0,-0.086
2017-01-15T00:00:00Z,33.0,0.151
2017-01-15T00:00:00Z,39.0,0.002
2017-01-15T00:00:00Z,45.0,-0.47
2017-02-15T00:00:00Z,33.0,0.331
2017-02-15T00:00:00Z,39.0,-0.075
2017-02-15T00:00:00Z,45.0,-0.151
2017-03-15T00:00:00Z,33.0,0.404
2017-03-15T00:00:00Z,39.0,0.443
2017-03-15T00:00:00Z,45.0,-0.54
2017-04-15T00:00:00Z,33.0,0.648
2017-04-15T00:00:00Z,39.0,0.66
2017-04-15T00:00:00Z,45.0,-0.353
2017-05-15T00:00:00Z,33.0,0.635
2017-05-15T00:00:00Z,39.0,1.692
2017-05-15T00:00:00Z,45.0,0.379
2017-06-15T00:00:00Z,33.0,0.511
2017-06-15T00:00:00Z,39.0,1.457
2017-06-15T00:00:00Z,45.0,0.284
2017-07-15T00:00:00Z,33.0,0.247
2017-07-15T00:00:00Z,39.0,1.531
2017-07-15T00:00:00Z,45.0,0.81
2017-08-15T00:00:00Z,33.0,0.416
2017-08-15T00:00:00Z,39.0,0.785
2017-08-15T00:00:00Z,45.0,0.507
2017-09-15T00:00:00Z,33.0,0.409
2017-09-15T00:00:00Z,39.0,0.537
2017-09-15T00:00:00Z,45.0,0.168
2017-10-15T00:00:00Z,33.0,0.274
2017-10-15T00:00:00Z,39.0,0.969
2017-10-15T00:00:00Z,45.0,0.048
2017-11-15T00:00:00Z,33.0,0.28
2017-11-15T00:00:00Z,39.0,-0.023
2017-11-15T00:00:00Z,45.0,-0.821
2017-12-15T00:00:00Z,33.0,0.148
2017-12-15T00:00:00Z,39.0,0.509
2017-12-15T00:00:00Z,45.0,-0.009
2018-01-15T00:00:00Z,33.0,0.355
2018-01-15T00:00:00Z,39.0,-0.014
2018-01-15T00:00:00Z,45.0,-0.688
2018-02-15T00:00:00Z,33.0,0.394
2018-02-15T00:00:00Z,39.0,1.474
2018-02-15T00:00:00Z,45.0,0.25
2018-03-15T00:00:00Z,33.0,0.425
2018-03-15T00:00:00Z,39.0,0.237
2018-03-15T00:00:00Z,45.0,-0.062
2018-04-15T00:00:00Z,33.0,0.714
2018-04-15T00:00:00Z,39.0,0.739
2018-04-15T00:00:00Z,45.0,-0.129
2018-05-15T00:00:00Z,33.0,0.761
2018-05-15T00:00:00Z,39.0,1.72
2018-05-15T00:00:00Z,45.0,0.45
2018-06-15T00:00:00Z,33.0,0.422
2018-06-15T00:00:00Z,39.0,2.354
2018-06-15T00:00:00Z,45.0,0.292
2018-07-15T00:00:00Z,33.0,0.236
2018-07-15T00:00:00Z,39.0,1.269
2018-07-15T00:00:00Z,45.0,0.623
2018-08-15T00:00:00Z,33.0,0.389
2018-08-15T00:00:00Z,39.0,1.399
2018-08-15T00:00:00Z,45.0,0.386
2018-09-15T00:00:00Z,33.0,0.393
2018-09-15T00:00:00Z,39.0,1.373
2018-09-15T00:00:00Z,45.0,0.253
2018-10-15T00:00:00Z,33.0,0.134
2018-10-15T00:00:00Z,39.0,0.695
2018-10-15T00:00:00Z,45.0,0.032
2018-11-15T00:00:00Z,33.0,0.18
2018-11-15T00:00:00Z,39.0,0.499
2018-11-15T00:00:00Z,45.0,-0.2
2018-12-15T00:00:00Z,33.0,0.428
2018-12-15T00:00:00Z,39.0,0.318
2018-12-15T00:00:00Z,45.0,-0.681
2019-01-15T00:00:00Z,33.0,0.133
2019-01-15T00:00:00Z,39.0,-0.532
2019-01-15T00:00:00Z,45.0,-0.414
2019-02-15T00:00:00Z,33.0,0.423
2019-02-15T00:00:00Z,39.0,0.559
2019-02-15T00:00:00Z,45.0,0.103
2019-03-15T00:00:00Z,33.0,0.422
2019-03-15T00:00:00Z,39.0,0.306
2019-03-15T00:00:00Z,45.0,-0.009
2019-04-15T00:00:00Z,33.0,0.45
2019-04-15T00:00:00Z,39.0,1.313
2019-04-15T00:00:00Z,45.0,0.096
2019-05-15T00:00:00Z,33.0,0.661
2019-05-15T00:00:00Z,39.0,0.854
2019-05-15T00:00:00Z,45.0,0.393
2019-06-15T00:00:00Z,33.0,0.247
2019-06-15T00:00:00Z,39.0,1.727
2019-06-15T00:00:00Z,45.0,0.601
2019-07-15T00:00:00Z,33.0,0.443
2019-07-15T00:00:00Z,39.0,1.781
2019-07-15T00:00:00Z,45.0,0.271
2019-08-15T00:00:00Z,33.0,0.546
2019-08-15T00:00:00Z,39.0,0.942
2019-08-15T00:00:00Z,45.0,0.345
2019-09-15T00:00:00Z,33.0,0.366
2019-09-15T00:00:00Z,39.0,1.371
2019-09-15T00:00:00Z,45.0,0.065
2019-10-15T00:00:00Z,33.0,0.218
2019-10-15T00:00:00Z,39.0,1.121
2019-10-15T00:00:00Z,45.0,0.178
2019-11-15T00:00:00Z,33.0,0.163
2019-11-15T00:00:00Z,39.0,0.677
2019-11-15T00:00:00Z,45.0,0.311
2019-12-15T00:00:00Z,33.0,0.177
2019-12-15T00:00:00Z,39.0,-0.224
2019-12-15T00:00:00Z,45.0,-0.422
2020-01-15T00:00:00Z,33.0,0.249
2020-01-15T00:00:00Z,39.0,0.34
2020-01-15T00:00:00Z,45.0,-1.055
2020-02-15T00:00:00Z,33.0,0.188
2020-02-15T00:00:00Z,39.0,1.562
2020-02-15T00:00:00Z,45.0,0.08
2020-03-15T00:00:00Z,33.0,0.3
2020-03-15T00:00:00Z,39.0,0.658
2020-03-15T00:00:00Z,45.0,0.112
2020-04-15T00:00:00Z,33.0,0.341
2020-04-15T00:00:00Z,39.0,0.851
2020-04-15T00:00:00Z,45.0,0.255
2020-05-15T00:00:00Z,33.0,0.545
2020-05-15T00:00:00Z,39.0,1.028
2020-05-15T00:00:00Z,45.0,0.021
2020-06-15T00:00:00Z,33.0,0.397
2020-06-15T00:00:00Z,39.0,1.707
2020-06-15T00:00:00Z,45.0,0.325
2020-07-15T00:00:00Z,33.0,0.459
2020-07-15T00:00:00Z,39.0,1.087
2020-07-15T00:00:00Z,45.0,0.618
2020-08-15T00:00:00Z,33.0,0.419
2020-08-15T00:00:00Z,39.0,1.545
2020-08-15T00:00:00Z,45.0,0.42
2020-09-15T00:00:00Z,33.0,0.218
2020-09-15T00:00:00Z,39.0,0.582
2020-09-15T00:00:00Z,45.0,-0.048
2020-10-15T00:00:00Z,33.0,0.152
2020-10-15T00:00:00Z,39.0,1.176
2020-10-15T00:00:00Z,45.0,0.196
2020-11-15T00:00:00Z,33.0,0.334
2020-11-15T00:00:00Z,39.0,0.676
2020-11-15T00:00:00Z,45.0,-0.34
2020-12-15T00:00:00Z,33.0,0.163
2020-12-15T00:00:00Z,39.0,0.462
2020-12-15T00:00:00Z,45.0,-0.444
2021-01-15T00:00:00Z,33.0,0.281
2021-01-15T00:00:00Z,39.0,0.354
2021-01-15T00:00:00Z,45.0,-0.567
2021-02-15T00:00:00Z,33.0,0.492
2021-02-15T00:00:00Z,39.0,1.157
2021-02-15T00:00:00Z,45.0,-0.076
2021-03-15T00:00:00Z,33.0,0.556
2021-03-15T00:00:00Z,39.0,1.018
2021-03-15T00:00:00Z,45.0,-0.158
2021-04-15T00:00:00Z,33.0,0.54
2021-04-15T00:00:00Z,39.0,1.584
2021-04-15T00:00:00Z,45.0,0.381
2021-05-15T00:00:00Z,33.0,0.609
2021-05-15T00:00:00Z,39.0,2.324
2021-05-15T00:00:00Z,45.0,0.375
